date,location,new_cases,new_deaths,total_cases,total_deaths,mortality
2020-02-25,Afghanistan,0,0,1,0,0
2020-02-26,Afghanistan,0,0,1,0,0
2020-02-27,Afghanistan,0,0,1,0,0
2020-02-28,Afghanistan,0,0,1,0,0
2020-02-29,Afghanistan,0,0,1,0,0
2020-03-01,Afghanistan,0,0,1,0,0
2020-03-02,Afghanistan,0,0,1,0,0
2020-03-03,Afghanistan,0,0,1,0,0
2020-03-04,Afghanistan,0,0,1,0,0
2020-03-05,Afghanistan,0,0,1,0,0
2020-03-06,Afghanistan,0,0,1,0,0
2020-03-07,Afghanistan,0,0,1,0,0
2020-03-08,Afghanistan,3,0,4,0,0
2020-03-09,Afghanistan,0,0,4,0,0
2020-03-10,Afghanistan,0,0,4,0,0
2020-03-11,Afghanistan,0,0,4,0,0
2020-03-12,Afghanistan,3,0,7,0,0
2020-03-13,Afghanistan,0,0,7,0,0
2020-03-14,Afghanistan,0,0,7,0,0
2020-03-09,Albania,0,0,2,0,0
2020-03-10,Albania,0,0,2,0,0
2020-03-11,Albania,8,0,10,0,0
2020-03-12,Albania,0,0,10,0,0
2020-03-13,Albania,13,0,23,0,0
2020-03-14,Albania,10,0,33,1,0.030303030303030304
2020-02-26,Algeria,0,0,1,0,0
2020-02-27,Algeria,0,0,1,0,0
2020-02-28,Algeria,0,0,1,0,0
2020-02-29,Algeria,0,0,1,0,0
2020-03-01,Algeria,0,0,1,0,0
2020-03-02,Algeria,0,0,1,0,0
2020-03-03,Algeria,4,0,5,0,0
2020-03-04,Algeria,0,0,5,0,0
2020-03-05,Algeria,7,0,12,0,0
2020-03-06,Algeria,0,0,12,0,0
2020-03-07,Algeria,5,0,17,0,0
2020-03-08,Algeria,0,0,17,0,0
2020-03-09,Algeria,3,0,20,0,0
2020-03-10,Algeria,0,0,20,0,0
2020-03-11,Algeria,0,0,20,0,0
2020-03-12,Algeria,5,0,25,1,0.04
2020-03-13,Algeria,0,0,25,1,0.04
2020-03-14,Algeria,1,1,26,2,0.07692307692307693
2020-03-03,Andorra,0,0,1,0,0
2020-03-04,Andorra,0,0,1,0,0
2020-03-05,Andorra,0,0,1,0,0
2020-03-06,Andorra,0,0,1,0,0
2020-03-07,Andorra,0,0,1,0,0
2020-03-08,Andorra,0,0,1,0,0
2020-03-09,Andorra,0,0,1,0,0
2020-03-10,Andorra,0,0,1,0,0
2020-03-11,Andorra,0,0,1,0,0
2020-03-12,Andorra,0,0,1,0,0
2020-03-13,Andorra,0,0,1,0,0
2020-03-14,Andorra,1,0,2,0,0
2020-03-14,Antigua and Barbuda,0,0,1,0,0
2020-03-04,Argentina,0,0,1,0,0
2020-03-05,Argentina,0,0,1,0,0
2020-03-06,Argentina,0,0,1,0,0
2020-03-07,Argentina,1,0,2,0,0
2020-03-08,Argentina,7,0,9,1,0.1111111111111111
2020-03-09,Argentina,3,0,12,1,0.08333333333333333
2020-03-10,Argentina,0,0,12,1,0.08333333333333333
2020-03-11,Argentina,5,0,17,1,0.058823529411764705
2020-03-12,Argentina,2,0,19,1,0.05263157894736842
2020-03-13,Argentina,12,0,31,1,0.03225806451612903
2020-03-14,Argentina,3,1,34,2,0.058823529411764705
2020-03-02,Armenia,0,0,1,0,0
2020-03-03,Armenia,0,0,1,0,0
2020-03-04,Armenia,0,0,1,0,0
2020-03-05,Armenia,0,0,1,0,0
2020-03-06,Armenia,0,0,1,0,0
2020-03-07,Armenia,0,0,1,0,0
2020-03-08,Armenia,0,0,1,0,0
2020-03-09,Armenia,0,0,1,0,0
2020-03-10,Armenia,0,0,1,0,0
2020-03-11,Armenia,0,0,1,0,0
2020-03-12,Armenia,0,0,1,0,0
2020-03-13,Armenia,0,0,1,0,0
2020-03-14,Armenia,7,0,8,0,0
2020-01-25,Australia,0,0,3,0,0
2020-01-26,Australia,1,0,4,0,0
2020-01-27,Australia,0,0,4,0,0
2020-01-28,Australia,1,0,5,0,0
2020-01-29,Australia,2,0,7,0,0
2020-01-30,Australia,0,0,7,0,0
2020-01-31,Australia,2,0,9,0,0
2020-02-01,Australia,3,0,12,0,0
2020-02-02,Australia,0,0,12,0,0
2020-02-03,Australia,0,0,12,0,0
2020-02-04,Australia,0,0,12,0,0
2020-02-05,Australia,1,0,13,0,0
2020-02-06,Australia,1,0,14,0,0
2020-02-07,Australia,1,0,15,0,0
2020-02-08,Australia,0,0,15,0,0
2020-02-09,Australia,0,0,15,0,0
2020-02-10,Australia,0,0,15,0,0
2020-02-11,Australia,0,0,15,0,0
2020-02-12,Australia,0,0,15,0,0
2020-02-13,Australia,0,0,15,0,0
2020-02-14,Australia,0,0,15,0,0
2020-02-15,Australia,0,0,15,0,0
2020-02-16,Australia,0,0,15,0,0
2020-02-17,Australia,0,0,15,0,0
2020-02-18,Australia,0,0,15,0,0
2020-02-19,Australia,0,0,15,0,0
2020-02-20,Australia,0,0,15,0,0
2020-02-21,Australia,2,0,17,0,0
2020-02-22,Australia,4,0,21,0,0
2020-02-23,Australia,1,0,22,0,0
2020-02-24,Australia,0,0,22,0,0
2020-02-25,Australia,0,0,22,0,0
2020-02-26,Australia,1,0,23,0,0
2020-02-27,Australia,0,0,23,0,0
2020-02-28,Australia,0,0,23,0,0
2020-02-29,Australia,1,0,24,0,0
2020-03-01,Australia,1,0,25,0,0
2020-03-02,Australia,2,0,27,1,0.037037037037037035
2020-03-03,Australia,6,0,33,1,0.030303030303030304
2020-03-04,Australia,10,0,43,1,0.023255813953488372
2020-03-05,Australia,14,0,57,1,0.017543859649122806
2020-03-06,Australia,0,1,57,2,0.03508771929824561
2020-03-07,Australia,5,0,62,2,0.03225806451612903
2020-03-08,Australia,12,1,74,3,0.04054054054054054
2020-03-09,Australia,3,0,77,3,0.03896103896103896
2020-03-10,Australia,15,0,92,3,0.03260869565217391
2020-03-11,Australia,20,0,112,3,0.026785714285714284
2020-03-12,Australia,10,0,122,3,0.02459016393442623
2020-03-13,Australia,18,0,140,3,0.02142857142857143
2020-03-14,Australia,57,0,197,3,0.015228426395939087
2020-02-26,Austria,0,0,2,0,0
2020-02-27,Austria,0,0,2,0,0
2020-02-28,Austria,2,0,4,0,0
2020-02-29,Austria,1,0,5,0,0
2020-03-01,Austria,5,0,10,0,0
2020-03-02,Austria,0,0,10,0,0
2020-03-03,Austria,8,0,18,0,0
2020-03-04,Austria,6,0,24,0,0
2020-03-05,Austria,13,0,37,0,0
2020-03-06,Austria,10,0,47,0,0
2020-03-07,Austria,19,0,66,0,0
2020-03-08,Austria,38,0,104,0,0
2020-03-09,Austria,8,0,112,0,0
2020-03-10,Austria,19,0,131,0,0
2020-03-11,Austria,51,0,182,0,0
2020-03-12,Austria,120,0,302,0,0
2020-03-13,Austria,59,0,361,1,0.002770083102493075
2020-03-14,Austria,143,0,504,1,0.001984126984126984
2020-03-01,Azerbaijan,0,0,3,0,0
2020-03-02,Azerbaijan,0,0,3,0,0
2020-03-03,Azerbaijan,0,0,3,0,0
2020-03-04,Azerbaijan,0,0,3,0,0
2020-03-05,Azerbaijan,0,0,3,0,0
2020-03-06,Azerbaijan,0,0,3,0,0
2020-03-07,Azerbaijan,6,0,9,0,0
2020-03-08,Azerbaijan,0,0,9,0,0
2020-03-09,Azerbaijan,0,0,9,0,0
2020-03-10,Azerbaijan,0,0,9,0,0
2020-03-11,Azerbaijan,0,0,9,0,0
2020-03-12,Azerbaijan,0,0,9,0,0
2020-03-13,Azerbaijan,2,0,11,0,0
2020-03-14,Azerbaijan,0,0,11,0,0
2020-02-25,Bahrain,0,0,8,0,0
2020-02-26,Bahrain,18,0,26,0,0
2020-02-27,Bahrain,7,0,33,0,0
2020-02-28,Bahrain,0,0,33,0,0
2020-02-29,Bahrain,5,0,38,0,0
2020-03-01,Bahrain,2,0,40,0,0
2020-03-02,Bahrain,7,0,47,0,0
2020-03-03,Bahrain,2,0,49,0,0
2020-03-04,Bahrain,0,0,49,0,0
2020-03-05,Bahrain,0,0,49,0,0
2020-03-06,Bahrain,0,0,49,0,0
2020-03-07,Bahrain,0,0,49,0,0
2020-03-08,Bahrain,7,0,56,0,0
2020-03-09,Bahrain,23,0,79,0,0
2020-03-10,Bahrain,30,0,109,0,0
2020-03-11,Bahrain,1,0,110,0,0
2020-03-12,Bahrain,79,0,189,0,0
2020-03-13,Bahrain,6,0,195,0,0
2020-03-14,Bahrain,15,0,210,0,0
2020-03-09,Bangladesh,0,0,3,0,0
2020-03-10,Bangladesh,0,0,3,0,0
2020-03-11,Bangladesh,0,0,3,0,0
2020-03-12,Bangladesh,0,0,3,0,0
2020-03-13,Bangladesh,0,0,3,0,0
2020-03-14,Bangladesh,0,0,3,0,0
2020-02-28,Belarus,0,0,1,0,0
2020-02-29,Belarus,0,0,1,0,0
2020-03-01,Belarus,0,0,1,0,0
2020-03-02,Belarus,0,0,1,0,0
2020-03-03,Belarus,0,0,1,0,0
2020-03-04,Belarus,0,0,1,0,0
2020-03-05,Belarus,5,0,6,0,0
2020-03-06,Belarus,0,0,6,0,0
2020-03-07,Belarus,0,0,6,0,0
2020-03-08,Belarus,0,0,6,0,0
2020-03-09,Belarus,0,0,6,0,0
2020-03-10,Belarus,0,0,6,0,0
2020-03-11,Belarus,3,0,9,0,0
2020-03-12,Belarus,3,0,12,0,0
2020-03-13,Belarus,0,0,12,0,0
2020-03-14,Belarus,9,0,21,0,0
2020-02-05,Belgium,0,0,1,0,0
2020-02-06,Belgium,0,0,1,0,0
2020-02-07,Belgium,0,0,1,0,0
2020-02-08,Belgium,0,0,1,0,0
2020-02-09,Belgium,0,0,1,0,0
2020-02-10,Belgium,0,0,1,0,0
2020-02-11,Belgium,0,0,1,0,0
2020-02-12,Belgium,0,0,1,0,0
2020-02-13,Belgium,0,0,1,0,0
2020-02-14,Belgium,0,0,1,0,0
2020-02-15,Belgium,0,0,1,0,0
2020-02-16,Belgium,0,0,1,0,0
2020-02-17,Belgium,0,0,1,0,0
2020-02-18,Belgium,0,0,1,0,0
2020-02-19,Belgium,0,0,1,0,0
2020-02-20,Belgium,0,0,1,0,0
2020-02-21,Belgium,0,0,1,0,0
2020-02-22,Belgium,0,0,1,0,0
2020-02-23,Belgium,0,0,1,0,0
2020-02-24,Belgium,0,0,1,0,0
2020-02-25,Belgium,0,0,1,0,0
2020-02-26,Belgium,0,0,1,0,0
2020-02-27,Belgium,0,0,1,0,0
2020-02-28,Belgium,0,0,1,0,0
2020-02-29,Belgium,0,0,1,0,0
2020-03-01,Belgium,0,0,1,0,0
2020-03-02,Belgium,0,0,1,0,0
2020-03-03,Belgium,7,0,8,0,0
2020-03-04,Belgium,0,0,8,0,0
2020-03-05,Belgium,15,0,23,0,0
2020-03-06,Belgium,27,0,50,0,0
2020-03-07,Belgium,59,0,109,0,0
2020-03-08,Belgium,60,0,169,0,0
2020-03-09,Belgium,31,0,200,0,0
2020-03-10,Belgium,39,0,239,0,0
2020-03-11,Belgium,28,0,267,0,0
2020-03-12,Belgium,47,0,314,0,0
2020-03-13,Belgium,0,0,314,0,0
2020-03-14,Belgium,285,0,599,0,0
2020-03-06,Bhutan,0,0,1,0,0
2020-03-07,Bhutan,0,0,1,0,0
2020-03-08,Bhutan,0,0,1,0,0
2020-03-09,Bhutan,0,0,1,0,0
2020-03-10,Bhutan,0,0,1,0,0
2020-03-11,Bhutan,0,0,1,0,0
2020-03-12,Bhutan,0,0,1,0,0
2020-03-13,Bhutan,0,0,1,0,0
2020-03-14,Bhutan,0,0,1,0,0
2020-03-11,Bolivia,0,0,2,0,0
2020-03-12,Bolivia,0,0,2,0,0
2020-03-13,Bolivia,1,0,3,0,0
2020-03-14,Bolivia,0,0,3,0,0
2020-03-05,Bosnia and Herzegovina,0,0,2,0,0
2020-03-06,Bosnia and Herzegovina,0,0,2,0,0
2020-03-07,Bosnia and Herzegovina,0,0,2,0,0
2020-03-08,Bosnia and Herzegovina,0,0,2,0,0
2020-03-09,Bosnia and Herzegovina,0,0,2,0,0
2020-03-10,Bosnia and Herzegovina,0,0,2,0,0
2020-03-11,Bosnia and Herzegovina,2,0,4,0,0
2020-03-12,Bosnia and Herzegovina,0,0,4,0,0
2020-03-13,Bosnia and Herzegovina,0,0,4,0,0
2020-03-14,Bosnia and Herzegovina,7,0,11,0,0
2020-02-27,Brazil,0,0,1,0,0
2020-02-28,Brazil,0,0,1,0,0
2020-02-29,Brazil,0,0,1,0,0
2020-03-01,Brazil,1,0,2,0,0
2020-03-02,Brazil,0,0,2,0,0
2020-03-03,Brazil,0,0,2,0,0
2020-03-04,Brazil,0,0,2,0,0
2020-03-05,Brazil,1,0,3,0,0
2020-03-06,Brazil,4,0,7,0,0
2020-03-07,Brazil,6,0,13,0,0
2020-03-08,Brazil,6,0,19,0,0
2020-03-09,Brazil,6,0,25,0,0
2020-03-10,Brazil,0,0,25,0,0
2020-03-11,Brazil,9,0,34,0,0
2020-03-12,Brazil,18,0,52,0,0
2020-03-13,Brazil,25,0,77,0,0
2020-03-14,Brazil,21,0,98,0,0
2020-03-10,Brunei,0,0,1,0,0
2020-03-11,Brunei,0,0,1,0,0
2020-03-12,Brunei,11,0,12,0,0
2020-03-13,Brunei,0,0,12,0,0
2020-03-14,Brunei,13,0,25,0,0
2020-03-08,Bulgaria,0,0,2,0,0
2020-03-09,Bulgaria,2,0,4,0,0
2020-03-10,Bulgaria,0,0,4,0,0
2020-03-11,Bulgaria,2,0,6,0,0
2020-03-12,Bulgaria,1,0,7,1,0.14285714285714285
2020-03-13,Bulgaria,0,0,7,1,0.14285714285714285
2020-03-14,Bulgaria,0,0,7,1,0.14285714285714285
2020-03-11,Burkina Faso,0,0,2,0,0
2020-03-12,Burkina Faso,0,0,2,0,0
2020-03-13,Burkina Faso,0,0,2,0,0
2020-03-14,Burkina Faso,0,0,2,0,0
2020-01-28,Cambodia,0,0,1,0,0
2020-01-29,Cambodia,0,0,1,0,0
2020-01-30,Cambodia,0,0,1,0,0
2020-01-31,Cambodia,0,0,1,0,0
2020-02-01,Cambodia,0,0,1,0,0
2020-02-02,Cambodia,0,0,1,0,0
2020-02-03,Cambodia,0,0,1,0,0
2020-02-04,Cambodia,0,0,1,0,0
2020-02-05,Cambodia,0,0,1,0,0
2020-02-06,Cambodia,0,0,1,0,0
2020-02-07,Cambodia,0,0,1,0,0
2020-02-08,Cambodia,0,0,1,0,0
2020-02-09,Cambodia,0,0,1,0,0
2020-02-10,Cambodia,0,0,1,0,0
2020-02-11,Cambodia,0,0,1,0,0
2020-02-12,Cambodia,0,0,1,0,0
2020-02-13,Cambodia,0,0,1,0,0
2020-02-14,Cambodia,0,0,1,0,0
2020-02-15,Cambodia,0,0,1,0,0
2020-02-16,Cambodia,0,0,1,0,0
2020-02-17,Cambodia,0,0,1,0,0
2020-02-18,Cambodia,0,0,1,0,0
2020-02-19,Cambodia,0,0,1,0,0
2020-02-20,Cambodia,0,0,1,0,0
2020-02-21,Cambodia,0,0,1,0,0
2020-02-22,Cambodia,0,0,1,0,0
2020-02-23,Cambodia,0,0,1,0,0
2020-02-24,Cambodia,0,0,1,0,0
2020-02-25,Cambodia,0,0,1,0,0
2020-02-26,Cambodia,0,0,1,0,0
2020-02-27,Cambodia,0,0,1,0,0
2020-02-28,Cambodia,0,0,1,0,0
2020-02-29,Cambodia,0,0,1,0,0
2020-03-01,Cambodia,0,0,1,0,0
2020-03-02,Cambodia,0,0,1,0,0
2020-03-03,Cambodia,0,0,1,0,0
2020-03-04,Cambodia,0,0,1,0,0
2020-03-05,Cambodia,0,0,1,0,0
2020-03-06,Cambodia,0,0,1,0,0
2020-03-07,Cambodia,0,0,1,0,0
2020-03-08,Cambodia,1,0,2,0,0
2020-03-09,Cambodia,0,0,2,0,0
2020-03-10,Cambodia,0,0,2,0,0
2020-03-11,Cambodia,1,0,3,0,0
2020-03-12,Cambodia,0,0,3,0,0
2020-03-13,Cambodia,2,0,5,0,0
2020-03-14,Cambodia,2,0,7,0,0
2020-03-06,Cameroon,0,0,1,0,0
2020-03-07,Cameroon,1,0,2,0,0
2020-03-08,Cameroon,0,0,2,0,0
2020-03-09,Cameroon,0,0,2,0,0
2020-03-10,Cameroon,0,0,2,0,0
2020-03-11,Cameroon,0,0,2,0,0
2020-03-12,Cameroon,0,0,2,0,0
2020-03-13,Cameroon,0,0,2,0,0
2020-03-14,Cameroon,0,0,2,0,0
2020-01-27,Canada,0,0,1,0,0
2020-01-28,Canada,1,0,2,0,0
2020-01-29,Canada,1,0,3,0,0
2020-01-30,Canada,0,0,3,0,0
2020-01-31,Canada,0,0,3,0,0
2020-02-01,Canada,1,0,4,0,0
2020-02-02,Canada,0,0,4,0,0
2020-02-03,Canada,0,0,4,0,0
2020-02-04,Canada,0,0,4,0,0
2020-02-05,Canada,1,0,5,0,0
2020-02-06,Canada,0,0,5,0,0
2020-02-07,Canada,2,0,7,0,0
2020-02-08,Canada,0,0,7,0,0
2020-02-09,Canada,0,0,7,0,0
2020-02-10,Canada,0,0,7,0,0
2020-02-11,Canada,0,0,7,0,0
2020-02-12,Canada,0,0,7,0,0
2020-02-13,Canada,0,0,7,0,0
2020-02-14,Canada,0,0,7,0,0
2020-02-15,Canada,0,0,7,0,0
2020-02-16,Canada,0,0,7,0,0
2020-02-17,Canada,0,0,7,0,0
2020-02-18,Canada,1,0,8,0,0
2020-02-19,Canada,0,0,8,0,0
2020-02-20,Canada,0,0,8,0,0
2020-02-21,Canada,0,0,8,0,0
2020-02-22,Canada,0,0,8,0,0
2020-02-23,Canada,1,0,9,0,0
2020-02-24,Canada,0,0,9,0,0
2020-02-25,Canada,1,0,10,0,0
2020-02-26,Canada,0,0,10,0,0
2020-02-27,Canada,1,0,11,0,0
2020-02-28,Canada,0,0,11,0,0
2020-02-29,Canada,3,0,14,0,0
2020-03-01,Canada,5,0,19,0,0
2020-03-02,Canada,0,0,19,0,0
2020-03-03,Canada,8,0,27,0,0
2020-03-04,Canada,3,0,30,0,0
2020-03-05,Canada,0,0,30,0,0
2020-03-06,Canada,15,0,45,0,0
2020-03-07,Canada,6,0,51,0,0
2020-03-08,Canada,6,0,57,0,0
2020-03-09,Canada,5,0,62,0,0
2020-03-10,Canada,15,0,77,0,0
2020-03-11,Canada,16,0,93,1,0.010752688172043012
2020-03-12,Canada,0,0,93,1,0.010752688172043012
2020-03-13,Canada,45,0,138,1,0.007246376811594203
2020-03-14,Canada,38,0,176,1,0.005681818181818182
2020-03-14,Cayman Islands,0,0,1,0,0
2020-03-04,Chile,0,0,1,0,0
2020-03-05,Chile,0,0,1,0,0
2020-03-06,Chile,0,0,1,0,0
2020-03-07,Chile,4,0,5,0,0
2020-03-08,Chile,0,0,5,0,0
2020-03-09,Chile,5,0,10,0,0
2020-03-10,Chile,3,0,13,0,0
2020-03-11,Chile,4,0,17,0,0
2020-03-12,Chile,6,0,23,0,0
2020-03-13,Chile,10,0,33,0,0
2020-03-14,Chile,10,0,43,0,0
2020-01-21,China,0,0,278,6,0.02158273381294964
2020-01-22,China,32,0,310,6,0.01935483870967742
2020-01-23,China,264,11,574,17,0.029616724738675958
2020-01-24,China,261,8,835,25,0.029940119760479042
2020-01-25,China,462,16,1297,41,0.03161141094834233
2020-01-26,China,688,15,1985,56,0.028211586901763223
2020-01-27,China,776,24,2761,80,0.028975009054690328
2020-01-28,China,1776,26,4537,106,0.023363456028212475
2020-01-29,China,1460,26,5997,132,0.022011005502751375
2020-01-30,China,1739,38,7736,170,0.021975180972078595
2020-01-31,China,1984,43,9720,213,0.021913580246913582
2020-02-01,China,2101,46,11821,259,0.02191015988495051
2020-02-02,China,2590,45,14411,304,0.021094996877385332
2020-02-03,China,2827,57,17238,361,0.02094210465251189
2020-02-04,China,3233,64,20471,425,0.020761076645010014
2020-02-05,China,3892,66,24363,491,0.020153511472314575
2020-02-06,China,3697,73,28060,564,0.020099786172487526
2020-02-07,China,3151,73,31211,637,0.020409471019832752
2020-02-08,China,3387,86,34598,723,0.020897161685646568
2020-02-09,China,2653,89,37251,812,0.021798072534965504
2020-02-10,China,2984,97,40235,909,0.022592270411333416
2020-02-11,China,2473,108,42708,1017,0.023812868783366112
2020-02-12,China,2022,97,44730,1114,0.02490498546836575
2020-02-13,China,1820,254,46550,1368,0.029387755102040815
2020-02-14,China,1998,13,48548,1381,0.02844607398862981
2020-02-15,China,1506,143,50054,1524,0.0304471171135174
2020-02-16,China,1120,142,51174,1666,0.03255559463790206
2020-02-17,China,19461,106,70635,1772,0.025086713385715297
2020-02-18,China,1893,98,72528,1870,0.025783145819545553
2020-02-19,China,1752,136,74280,2006,0.02700592353257943
2020-02-20,China,395,115,74675,2121,0.02840308001339136
2020-02-21,China,894,118,75569,2239,0.029628551390120286
2020-02-22,China,823,109,76392,2348,0.0307362027437428
2020-02-23,China,650,97,77042,2445,0.031735936242568985
2020-02-24,China,220,150,77262,2595,0.03358701560922575
2020-02-25,China,518,71,77780,2666,0.03427616353818462
2020-02-26,China,411,52,78191,2718,0.03476103387857938
2020-02-27,China,439,29,78630,2747,0.03493577514943406
2020-02-28,China,331,44,78961,2791,0.03534656349337015
2020-02-29,China,433,47,79394,2838,0.035745774239866995
2020-03-01,China,574,35,79968,2873,0.03592687074829932
2020-03-02,China,206,42,80174,2915,0.03635842043555267
2020-03-03,China,130,31,80304,2946,0.036685594739988045
2020-03-04,China,118,38,80422,2984,0.037104274949640643
2020-03-05,China,143,31,80565,3015,0.03742319865946751
2020-03-06,China,146,30,80711,3045,0.03772719951431651
2020-03-07,China,102,28,80813,3073,0.03802606016358754
2020-03-08,China,46,27,80859,3100,0.03833834205221435
2020-03-09,China,45,23,80904,3123,0.038601305250667454
2020-03-10,China,20,17,80924,3140,0.03880183876229549
2020-03-11,China,31,22,80955,3162,0.039058736335000926
2020-03-12,China,26,11,80981,3173,0.039182030352798804
2020-03-13,China,10,7,80991,3180,0.039263621883913025
2020-03-14,China,30,14,81021,3194,0.03942187827847101
2020-03-07,Colombia,0,0,1,0,0
2020-03-08,Colombia,0,0,1,0,0
2020-03-09,Colombia,0,0,1,0,0
2020-03-10,Colombia,2,0,3,0,0
2020-03-11,Colombia,0,0,3,0,0
2020-03-12,Colombia,6,0,9,0,0
2020-03-13,Colombia,0,0,9,0,0
2020-03-14,Colombia,7,0,16,0,0
2020-03-08,Costa Rica,0,0,5,0,0
2020-03-09,Costa Rica,4,0,9,0,0
2020-03-10,Costa Rica,0,0,9,0,0
2020-03-11,Costa Rica,4,0,13,0,0
2020-03-12,Costa Rica,0,0,13,0,0
2020-03-13,Costa Rica,9,0,22,0,0
2020-03-14,Costa Rica,1,0,23,0,0
2020-02-26,Croatia,0,0,2,0,0
2020-02-27,Croatia,1,0,3,0,0
2020-02-28,Croatia,0,0,3,0,0
2020-02-29,Croatia,2,0,5,0,0
2020-03-01,Croatia,2,0,7,0,0
2020-03-02,Croatia,0,0,7,0,0
2020-03-03,Croatia,1,0,8,0,0
2020-03-04,Croatia,1,0,9,0,0
2020-03-05,Croatia,0,0,9,0,0
2020-03-06,Croatia,1,0,10,0,0
2020-03-07,Croatia,1,0,11,0,0
2020-03-08,Croatia,0,0,11,0,0
2020-03-09,Croatia,0,0,11,0,0
2020-03-10,Croatia,1,0,12,0,0
2020-03-11,Croatia,4,0,16,0,0
2020-03-12,Croatia,0,0,16,0,0
2020-03-13,Croatia,0,0,16,0,0
2020-03-14,Croatia,11,0,27,0,0
2020-03-13,Cuba,0,0,3,0,0
2020-03-14,Cuba,1,0,4,0,0
2020-03-10,Cyprus,0,0,2,0,0
2020-03-11,Cyprus,0,0,2,0,0
2020-03-12,Cyprus,4,0,6,0,0
2020-03-13,Cyprus,0,0,6,0,0
2020-03-14,Cyprus,8,0,14,0,0
2020-03-02,Czech Republic,0,0,3,0,0
2020-03-03,Czech Republic,0,0,3,0,0
2020-03-04,Czech Republic,2,0,5,0,0
2020-03-05,Czech Republic,0,0,5,0,0
2020-03-06,Czech Republic,7,0,12,0,0
2020-03-07,Czech Republic,0,0,12,0,0
2020-03-08,Czech Republic,14,0,26,0,0
2020-03-09,Czech Republic,6,0,32,0,0
2020-03-10,Czech Republic,6,0,38,0,0
2020-03-11,Czech Republic,23,0,61,0,0
2020-03-12,Czech Republic,33,0,94,0,0
2020-03-13,Czech Republic,22,0,116,0,0
2020-03-14,Czech Republic,34,0,150,0,0
2020-03-12,Cote d'Ivoire,0,0,1,0,0
2020-03-13,Cote d'Ivoire,0,0,1,0,0
2020-03-14,Cote d'Ivoire,0,0,1,0,0
2020-03-11,Democratic Republic of Congo,0,0,1,0,0
2020-03-12,Democratic Republic of Congo,0,0,1,0,0
2020-03-13,Democratic Republic of Congo,0,0,1,0,0
2020-03-14,Democratic Republic of Congo,1,0,2,0,0
2020-02-27,Denmark,0,0,1,0,0
2020-02-28,Denmark,0,0,1,0,0
2020-02-29,Denmark,1,0,2,0,0
2020-03-01,Denmark,1,0,3,0,0
2020-03-02,Denmark,1,0,4,0,0
2020-03-03,Denmark,1,0,5,0,0
2020-03-04,Denmark,3,0,8,0,0
2020-03-05,Denmark,2,0,10,0,0
2020-03-06,Denmark,8,0,18,0,0
2020-03-07,Denmark,5,0,23,0,0
2020-03-08,Denmark,8,0,31,0,0
2020-03-09,Denmark,5,0,36,0,0
2020-03-10,Denmark,54,0,90,0,0
2020-03-11,Denmark,172,0,262,0,0
2020-03-12,Denmark,353,0,615,0,0
2020-03-13,Denmark,59,0,674,0,0
2020-03-14,Denmark,127,0,801,0,0
2020-03-02,Dominican Republic,0,0,1,0,0
2020-03-03,Dominican Republic,0,0,1,0,0
2020-03-04,Dominican Republic,0,0,1,0,0
2020-03-05,Dominican Republic,0,0,1,0,0
2020-03-06,Dominican Republic,0,0,1,0,0
2020-03-07,Dominican Republic,0,0,1,0,0
2020-03-08,Dominican Republic,0,0,1,0,0
2020-03-09,Dominican Republic,0,0,1,0,0
2020-03-10,Dominican Republic,4,0,5,0,0
2020-03-11,Dominican Republic,0,0,5,0,0
2020-03-12,Dominican Republic,0,0,5,0,0
2020-03-13,Dominican Republic,0,0,5,0,0
2020-03-14,Dominican Republic,0,0,5,0,0
2020-03-01,Ecuador,0,0,1,0,0
2020-03-02,Ecuador,0,0,1,0,0
2020-03-03,Ecuador,5,0,6,0,0
2020-03-04,Ecuador,1,0,7,0,0
2020-03-05,Ecuador,0,0,7,0,0
2020-03-06,Ecuador,6,0,13,0,0
2020-03-07,Ecuador,1,0,14,0,0
2020-03-08,Ecuador,0,0,14,0,0
2020-03-09,Ecuador,1,0,15,0,0
2020-03-10,Ecuador,0,0,15,0,0
2020-03-11,Ecuador,0,0,15,0,0
2020-03-12,Ecuador,2,0,17,0,0
2020-03-13,Ecuador,0,0,17,0,0
2020-03-14,Ecuador,6,0,23,0,0
2020-02-15,Egypt,0,0,1,0,0
2020-02-16,Egypt,0,0,1,0,0
2020-02-17,Egypt,0,0,1,0,0
2020-02-18,Egypt,0,0,1,0,0
2020-02-19,Egypt,0,0,1,0,0
2020-02-20,Egypt,0,0,1,0,0
2020-02-21,Egypt,0,0,1,0,0
2020-02-22,Egypt,0,0,1,0,0
2020-02-23,Egypt,0,0,1,0,0
2020-02-24,Egypt,0,0,1,0,0
2020-02-25,Egypt,0,0,1,0,0
2020-02-26,Egypt,0,0,1,0,0
2020-02-27,Egypt,0,0,1,0,0
2020-02-28,Egypt,0,0,1,0,0
2020-02-29,Egypt,0,0,1,0,0
2020-03-01,Egypt,0,0,1,0,0
2020-03-02,Egypt,1,0,2,0,0
2020-03-03,Egypt,0,0,2,0,0
2020-03-04,Egypt,0,0,2,0,0
2020-03-05,Egypt,0,0,2,0,0
2020-03-06,Egypt,1,0,3,0,0
2020-03-07,Egypt,0,0,3,0,0
2020-03-08,Egypt,45,0,48,0,0
2020-03-09,Egypt,7,0,55,1,0.01818181818181818
2020-03-10,Egypt,4,0,59,1,0.01694915254237288
2020-03-11,Egypt,0,0,59,1,0.01694915254237288
2020-03-12,Egypt,8,0,67,1,0.014925373134328358
2020-03-13,Egypt,0,0,67,1,0.014925373134328358
2020-03-14,Egypt,26,1,93,2,0.021505376344086023
2020-02-27,Estonia,0,0,1,0,0
2020-02-28,Estonia,0,0,1,0,0
2020-02-29,Estonia,0,0,1,0,0
2020-03-01,Estonia,0,0,1,0,0
2020-03-02,Estonia,0,0,1,0,0
2020-03-03,Estonia,0,0,1,0,0
2020-03-04,Estonia,1,0,2,0,0
2020-03-05,Estonia,0,0,2,0,0
2020-03-06,Estonia,1,0,3,0,0
2020-03-07,Estonia,7,0,10,0,0
2020-03-08,Estonia,0,0,10,0,0
2020-03-09,Estonia,0,0,10,0,0
2020-03-10,Estonia,0,0,10,0,0
2020-03-11,Estonia,3,0,13,0,0
2020-03-12,Estonia,0,0,13,0,0
2020-03-13,Estonia,0,0,13,0,0
2020-03-14,Estonia,66,0,79,0,0
2020-03-14,Ethiopia,0,0,1,0,0
2020-03-08,Faeroe Islands,0,0,1,0,0
2020-03-09,Faeroe Islands,1,0,2,0,0
2020-03-10,Faeroe Islands,0,0,2,0,0
2020-03-11,Faeroe Islands,0,0,2,0,0
2020-03-12,Faeroe Islands,0,0,2,0,0
2020-03-13,Faeroe Islands,0,0,2,0,0
2020-03-14,Faeroe Islands,1,0,3,0,0
2020-01-30,Finland,0,0,1,0,0
2020-01-31,Finland,0,0,1,0,0
2020-02-01,Finland,0,0,1,0,0
2020-02-02,Finland,0,0,1,0,0
2020-02-03,Finland,0,0,1,0,0
2020-02-04,Finland,0,0,1,0,0
2020-02-05,Finland,0,0,1,0,0
2020-02-06,Finland,0,0,1,0,0
2020-02-07,Finland,0,0,1,0,0
2020-02-08,Finland,0,0,1,0,0
2020-02-09,Finland,0,0,1,0,0
2020-02-10,Finland,0,0,1,0,0
2020-02-11,Finland,0,0,1,0,0
2020-02-12,Finland,0,0,1,0,0
2020-02-13,Finland,0,0,1,0,0
2020-02-14,Finland,0,0,1,0,0
2020-02-15,Finland,0,0,1,0,0
2020-02-16,Finland,0,0,1,0,0
2020-02-17,Finland,0,0,1,0,0
2020-02-18,Finland,0,0,1,0,0
2020-02-19,Finland,0,0,1,0,0
2020-02-20,Finland,0,0,1,0,0
2020-02-21,Finland,0,0,1,0,0
2020-02-22,Finland,0,0,1,0,0
2020-02-23,Finland,0,0,1,0,0
2020-02-24,Finland,0,0,1,0,0
2020-02-25,Finland,0,0,1,0,0
2020-02-26,Finland,0,0,1,0,0
2020-02-27,Finland,1,0,2,0,0
2020-02-28,Finland,0,0,2,0,0
2020-02-29,Finland,0,0,2,0,0
2020-03-01,Finland,0,0,2,0,0
2020-03-02,Finland,4,0,6,0,0
2020-03-03,Finland,1,0,7,0,0
2020-03-04,Finland,0,0,7,0,0
2020-03-05,Finland,0,0,7,0,0
2020-03-06,Finland,5,0,12,0,0
2020-03-07,Finland,7,0,19,0,0
2020-03-08,Finland,0,0,19,0,0
2020-03-09,Finland,11,0,30,0,0
2020-03-10,Finland,10,0,40,0,0
2020-03-11,Finland,0,0,40,0,0
2020-03-12,Finland,0,0,40,0,0
2020-03-13,Finland,69,0,109,0,0
2020-03-14,Finland,0,0,109,0,0
2020-01-25,France,0,0,3,0,0
2020-01-26,France,0,0,3,0,0
2020-01-27,France,0,0,3,0,0
2020-01-28,France,0,0,3,0,0
2020-01-29,France,1,0,4,0,0
2020-01-30,France,1,0,5,0,0
2020-01-31,France,1,0,6,0,0
2020-02-01,France,0,0,6,0,0
2020-02-02,France,0,0,6,0,0
2020-02-03,France,0,0,6,0,0
2020-02-04,France,0,0,6,0,0
2020-02-05,France,0,0,6,0,0
2020-02-06,France,0,0,6,0,0
2020-02-07,France,0,0,6,0,0
2020-02-08,France,0,0,6,0,0
2020-02-09,France,5,0,11,0,0
2020-02-10,France,0,0,11,0,0
2020-02-11,France,0,0,11,0,0
2020-02-12,France,0,0,11,0,0
2020-02-13,France,0,0,11,0,0
2020-02-14,France,0,0,11,0,0
2020-02-15,France,0,0,11,0,0
2020-02-16,France,1,0,12,1,0.08333333333333333
2020-02-17,France,0,0,12,1,0.08333333333333333
2020-02-18,France,0,0,12,1,0.08333333333333333
2020-02-19,France,0,0,12,1,0.08333333333333333
2020-02-20,France,0,0,12,1,0.08333333333333333
2020-02-21,France,0,0,12,1,0.08333333333333333
2020-02-22,France,0,0,12,1,0.08333333333333333
2020-02-23,France,0,0,12,1,0.08333333333333333
2020-02-24,France,0,0,12,1,0.08333333333333333
2020-02-25,France,0,0,12,1,0.08333333333333333
2020-02-26,France,0,0,12,1,0.08333333333333333
2020-02-27,France,6,1,18,2,0.1111111111111111
2020-02-28,France,20,0,38,2,0.05263157894736842
2020-02-29,France,19,0,57,2,0.03508771929824561
2020-03-01,France,43,0,100,2,0.02
2020-03-02,France,0,0,100,2,0.02
2020-03-03,France,91,1,191,3,0.015706806282722512
2020-03-04,France,21,1,212,4,0.018867924528301886
2020-03-05,France,70,0,282,4,0.014184397163120567
2020-03-06,France,138,2,420,6,0.014285714285714285
2020-03-07,France,193,3,613,9,0.01468189233278956
2020-03-08,France,93,1,706,10,0.014164305949008499
2020-03-09,France,410,9,1116,19,0.017025089605734768
2020-03-10,France,286,11,1402,30,0.021398002853067047
2020-03-11,France,372,3,1774,33,0.018602029312288614
2020-03-12,France,495,15,2269,48,0.021154693697664168
2020-03-13,France,591,13,2860,61,0.02132867132867133
2020-03-14,France,780,18,3640,79,0.021703296703296703
2020-03-08,French Guiana,0,0,5,0,0
2020-03-09,French Guiana,0,0,5,0,0
2020-03-10,French Guiana,0,0,5,0,0
2020-03-11,French Guiana,0,0,5,0,0
2020-03-12,French Guiana,0,0,5,0,0
2020-03-13,French Guiana,1,0,6,0,0
2020-03-14,French Guiana,0,0,6,0,0
2020-03-12,French Polynesia,0,0,1,0,0
2020-03-13,French Polynesia,0,0,1,0,0
2020-03-14,French Polynesia,0,0,1,0,0
2020-03-14,Gabon,0,0,1,0,0
2020-02-27,Georgia,0,0,1,0,0
2020-02-28,Georgia,0,0,1,0,0
2020-02-29,Georgia,1,0,2,0,0
2020-03-01,Georgia,1,0,3,0,0
2020-03-02,Georgia,0,0,3,0,0
2020-03-03,Georgia,0,0,3,0,0
2020-03-04,Georgia,0,0,3,0,0
2020-03-05,Georgia,0,0,3,0,0
2020-03-06,Georgia,6,0,9,0,0
2020-03-07,Georgia,0,0,9,0,0
2020-03-08,Georgia,3,0,12,0,0
2020-03-09,Georgia,1,0,13,0,0
2020-03-10,Georgia,2,0,15,0,0
2020-03-11,Georgia,8,0,23,0,0
2020-03-12,Georgia,0,0,23,0,0
2020-03-13,Georgia,2,0,25,0,0
2020-03-14,Georgia,0,0,25,0,0
2020-01-28,Germany,0,0,1,0,0
2020-01-29,Germany,3,0,4,0,0
2020-01-30,Germany,0,0,4,0,0
2020-01-31,Germany,1,0,5,0,0
2020-02-01,Germany,2,0,7,0,0
2020-02-02,Germany,1,0,8,0,0
2020-02-03,Germany,2,0,10,0,0
2020-02-04,Germany,2,0,12,0,0
2020-02-05,Germany,0,0,12,0,0
2020-02-06,Germany,0,0,12,0,0
2020-02-07,Germany,1,0,13,0,0
2020-02-08,Germany,1,0,14,0,0
2020-02-09,Germany,0,0,14,0,0
2020-02-10,Germany,0,0,14,0,0
2020-02-11,Germany,0,0,14,0,0
2020-02-12,Germany,2,0,16,0,0
2020-02-13,Germany,0,0,16,0,0
2020-02-14,Germany,0,0,16,0,0
2020-02-15,Germany,0,0,16,0,0
2020-02-16,Germany,0,0,16,0,0
2020-02-17,Germany,0,0,16,0,0
2020-02-18,Germany,0,0,16,0,0
2020-02-19,Germany,0,0,16,0,0
2020-02-20,Germany,0,0,16,0,0
2020-02-21,Germany,0,0,16,0,0
2020-02-22,Germany,0,0,16,0,0
2020-02-23,Germany,0,0,16,0,0
2020-02-24,Germany,0,0,16,0,0
2020-02-25,Germany,0,0,16,0,0
2020-02-26,Germany,2,0,18,0,0
2020-02-27,Germany,3,0,21,0,0
2020-02-28,Germany,5,0,26,0,0
2020-02-29,Germany,31,0,57,0,0
2020-03-01,Germany,0,0,57,0,0
2020-03-02,Germany,72,0,129,0,0
2020-03-03,Germany,28,0,157,0,0
2020-03-04,Germany,39,0,196,0,0
2020-03-05,Germany,66,0,262,0,0
2020-03-06,Germany,272,0,534,0,0
2020-03-07,Germany,105,0,639,0,0
2020-03-08,Germany,156,0,795,0,0
2020-03-09,Germany,317,0,1112,0,0
2020-03-10,Germany,27,0,1139,2,0.001755926251097454
2020-03-11,Germany,157,0,1296,2,0.0015432098765432098
2020-03-12,Germany,271,1,1567,3,0.0019144862795149968
2020-03-13,Germany,802,3,2369,6,0.002532714225411566
2020-03-14,Germany,693,0,3062,6,0.001959503592423253
2020-03-14,Ghana,0,0,1,0,0
2020-03-05,Gibraltar,0,0,1,0,0
2020-03-06,Gibraltar,0,0,1,0,0
2020-03-07,Gibraltar,0,0,1,0,0
2020-03-08,Gibraltar,0,0,1,0,0
2020-03-09,Gibraltar,0,0,1,0,0
2020-03-10,Gibraltar,0,0,1,0,0
2020-03-11,Gibraltar,0,0,1,0,0
2020-03-12,Gibraltar,0,0,1,0,0
2020-03-13,Gibraltar,0,0,1,0,0
2020-03-14,Gibraltar,0,0,1,0,0
2020-02-27,Greece,0,0,1,0,0
2020-02-28,Greece,2,0,3,0,0
2020-02-29,Greece,0,0,3,0,0
2020-03-01,Greece,0,0,3,0,0
2020-03-02,Greece,4,0,7,0,0
2020-03-03,Greece,0,0,7,0,0
2020-03-04,Greece,0,0,7,0,0
2020-03-05,Greece,2,0,9,0,0
2020-03-06,Greece,23,0,32,0,0
2020-03-07,Greece,0,0,32,0,0
2020-03-08,Greece,34,0,66,0,0
2020-03-09,Greece,7,0,73,0,0
2020-03-10,Greece,0,0,73,0,0
2020-03-11,Greece,16,0,89,0,0
2020-03-12,Greece,9,0,98,1,0.01020408163265306
2020-03-13,Greece,0,0,98,1,0.01020408163265306
2020-03-14,Greece,0,0,98,1,0.01020408163265306
2020-03-14,Guadeloupe,0,0,1,0,0
2020-03-10,Guernsey,0,0,1,0,0
2020-03-11,Guernsey,0,0,1,0,0
2020-03-12,Guernsey,0,0,1,0,0
2020-03-13,Guernsey,0,0,1,0,0
2020-03-14,Guernsey,0,0,1,0,0
2020-03-14,Guinea,0,0,1,0,0
2020-03-13,Guyana,0,0,1,1,1
2020-03-14,Guyana,5,0,6,1,0.16666666666666666
2020-03-07,Vatican,0,0,1,0,0
2020-03-08,Vatican,0,0,1,0,0
2020-03-09,Vatican,0,0,1,0,0
2020-03-10,Vatican,0,0,1,0,0
2020-03-11,Vatican,0,0,1,0,0
2020-03-12,Vatican,0,0,1,0,0
2020-03-13,Vatican,0,0,1,0,0
2020-03-14,Vatican,0,0,1,0,0
2020-03-12,Honduras,0,0,2,0,0
2020-03-13,Honduras,0,0,2,0,0
2020-03-14,Honduras,0,0,2,0,0
2020-03-05,Hungary,0,0,2,0,0
2020-03-06,Hungary,0,0,2,0,0
2020-03-07,Hungary,3,0,5,0,0
2020-03-08,Hungary,2,0,7,0,0
2020-03-09,Hungary,2,0,9,0,0
2020-03-10,Hungary,0,0,9,0,0
2020-03-11,Hungary,4,0,13,0,0
2020-03-12,Hungary,0,0,13,0,0
2020-03-13,Hungary,3,0,16,0,0
2020-03-14,Hungary,3,0,19,0,0
2020-03-02,Iceland,0,0,2,0,0
2020-03-03,Iceland,7,0,9,0,0
2020-03-04,Iceland,7,0,16,0,0
2020-03-05,Iceland,10,0,26,0,0
2020-03-06,Iceland,0,0,26,0,0
2020-03-07,Iceland,19,0,45,0,0
2020-03-08,Iceland,0,0,45,0,0
2020-03-09,Iceland,10,0,55,0,0
2020-03-10,Iceland,0,0,55,0,0
2020-03-11,Iceland,6,0,61,0,0
2020-03-12,Iceland,0,0,61,0,0
2020-03-13,Iceland,0,0,61,0,0
2020-03-14,Iceland,0,0,61,0,0
2020-01-30,India,0,0,1,0,0
2020-01-31,India,0,0,1,0,0
2020-02-01,India,0,0,1,0,0
2020-02-02,India,1,0,2,0,0
2020-02-03,India,1,0,3,0,0
2020-02-04,India,0,0,3,0,0
2020-02-05,India,0,0,3,0,0
2020-02-06,India,0,0,3,0,0
2020-02-07,India,0,0,3,0,0
2020-02-08,India,0,0,3,0,0
2020-02-09,India,0,0,3,0,0
2020-02-10,India,0,0,3,0,0
2020-02-11,India,0,0,3,0,0
2020-02-12,India,0,0,3,0,0
2020-02-13,India,0,0,3,0,0
2020-02-14,India,0,0,3,0,0
2020-02-15,India,0,0,3,0,0
2020-02-16,India,0,0,3,0,0
2020-02-17,India,0,0,3,0,0
2020-02-18,India,0,0,3,0,0
2020-02-19,India,0,0,3,0,0
2020-02-20,India,0,0,3,0,0
2020-02-21,India,0,0,3,0,0
2020-02-22,India,0,0,3,0,0
2020-02-23,India,0,0,3,0,0
2020-02-24,India,0,0,3,0,0
2020-02-25,India,0,0,3,0,0
2020-02-26,India,0,0,3,0,0
2020-02-27,India,0,0,3,0,0
2020-02-28,India,0,0,3,0,0
2020-02-29,India,0,0,3,0,0
2020-03-01,India,0,0,3,0,0
2020-03-02,India,0,0,3,0,0
2020-03-03,India,2,0,5,0,0
2020-03-04,India,1,0,6,0,0
2020-03-05,India,23,0,29,0,0
2020-03-06,India,1,0,30,0,0
2020-03-07,India,1,0,31,0,0
2020-03-08,India,3,0,34,0,0
2020-03-09,India,9,0,43,0,0
2020-03-10,India,1,0,44,0,0
2020-03-11,India,16,0,60,0,0
2020-03-12,India,13,0,73,0,0
2020-03-13,India,1,0,74,1,0.013513513513513514
2020-03-14,India,8,1,82,2,0.024390243902439025
2020-03-02,Indonesia,0,0,2,0,0
2020-03-03,Indonesia,0,0,2,0,0
2020-03-04,Indonesia,0,0,2,0,0
2020-03-05,Indonesia,0,0,2,0,0
2020-03-06,Indonesia,0,0,2,0,0
2020-03-07,Indonesia,0,0,2,0,0
2020-03-08,Indonesia,4,0,6,0,0
2020-03-09,Indonesia,0,0,6,0,0
2020-03-10,Indonesia,13,0,19,0,0
2020-03-11,Indonesia,8,0,27,1,0.037037037037037035
2020-03-12,Indonesia,7,0,34,1,0.029411764705882353
2020-03-13,Indonesia,0,0,34,1,0.029411764705882353
2020-03-14,Indonesia,35,2,69,3,0.043478260869565216
2020-02-06,International,0,0,20,0,0
2020-02-07,International,41,0,61,0,0
2020-02-08,International,3,0,64,0,0
2020-02-09,International,0,0,64,0,0
2020-02-10,International,6,0,70,0,0
2020-02-11,International,65,0,135,0,0
2020-02-12,International,40,0,175,0,0
2020-02-13,International,-1,0,174,0,0
2020-02-14,International,44,0,218,0,0
2020-02-15,International,0,0,218,0,0
2020-02-16,International,137,0,355,0,0
2020-02-17,International,99,0,454,0,0
2020-02-18,International,0,0,454,0,0
2020-02-19,International,88,0,542,0,0
2020-02-20,International,79,0,621,2,0.00322061191626409
2020-02-21,International,13,0,634,2,0.0031545741324921135
2020-02-22,International,0,0,634,2,0.0031545741324921135
2020-02-23,International,0,1,634,3,0.00473186119873817
2020-02-24,International,61,0,695,3,0.004316546762589928
2020-02-25,International,-4,0,691,3,0.004341534008683068
2020-02-26,International,0,0,691,3,0.004341534008683068
2020-02-27,International,14,1,705,4,0.005673758865248227
2020-02-28,International,0,0,705,4,0.005673758865248227
2020-02-29,International,0,2,705,6,0.00851063829787234
2020-03-01,International,0,0,705,6,0.00851063829787234
2020-03-02,International,1,0,706,6,0.0084985835694051
2020-03-03,International,0,0,706,6,0.0084985835694051
2020-03-04,International,0,0,706,6,0.0084985835694051
2020-03-05,International,0,0,706,6,0.0084985835694051
2020-03-06,International,-10,0,696,6,0.008620689655172414
2020-03-07,International,0,0,696,6,0.008620689655172414
2020-03-08,International,0,1,696,7,0.010057471264367816
2020-03-09,International,0,0,696,7,0.010057471264367816
2020-03-10,International,0,0,696,7,0.010057471264367816
2020-03-11,International,0,0,696,7,0.010057471264367816
2020-03-12,International,0,0,696,7,0.010057471264367816
2020-03-13,International,0,0,696,7,0.010057471264367816
2020-03-14,International,1,0,697,7,0.010043041606886656
2020-02-20,Iran,0,0,2,2,1
2020-02-21,Iran,3,0,5,2,0.4
2020-02-22,Iran,13,2,18,4,0.2222222222222222
2020-02-23,Iran,10,1,28,5,0.17857142857142858
2020-02-24,Iran,15,3,43,8,0.18604651162790697
2020-02-25,Iran,18,4,61,12,0.19672131147540983
2020-02-26,Iran,34,3,95,15,0.15789473684210525
2020-02-27,Iran,46,7,141,22,0.15602836879432624
2020-02-28,Iran,104,4,245,26,0.10612244897959183
2020-02-29,Iran,143,8,388,34,0.08762886597938144
2020-03-01,Iran,205,9,593,43,0.07251264755480608
2020-03-02,Iran,385,11,978,54,0.05521472392638037
2020-03-03,Iran,523,12,1501,66,0.04397068620919387
2020-03-04,Iran,835,11,2336,77,0.03296232876712329
2020-03-05,Iran,586,15,2922,92,0.03148528405201916
2020-03-06,Iran,591,15,3513,107,0.03045829775120979
2020-03-07,Iran,1234,17,4747,124,0.02612176111228144
2020-03-08,Iran,1076,21,5823,145,0.024901253649321657
2020-03-09,Iran,743,49,6566,194,0.02954614681693573
2020-03-10,Iran,595,43,7161,237,0.03309593632174277
2020-03-11,Iran,881,54,8042,291,0.03618502859985078
2020-03-12,Iran,958,63,9000,354,0.03933333333333333
2020-03-13,Iran,1075,75,10075,429,0.04258064516129032
2020-03-14,Iran,1289,85,11364,514,0.04523055262231609
2020-02-25,Iraq,0,0,1,0,0
2020-02-26,Iraq,4,0,5,0,0
2020-02-27,Iraq,1,0,6,0,0
2020-02-28,Iraq,1,0,7,0,0
2020-02-29,Iraq,1,0,8,0,0
2020-03-01,Iraq,5,0,13,0,0
2020-03-02,Iraq,6,0,19,0,0
2020-03-03,Iraq,7,0,26,0,0
2020-03-04,Iraq,5,0,31,0,0
2020-03-05,Iraq,5,0,36,2,0.05555555555555555
2020-03-06,Iraq,0,0,36,2,0.05555555555555555
2020-03-07,Iraq,8,2,44,4,0.09090909090909091
2020-03-08,Iraq,10,0,54,4,0.07407407407407407
2020-03-09,Iraq,6,2,60,6,0.1
2020-03-10,Iraq,1,0,61,6,0.09836065573770492
2020-03-11,Iraq,0,0,61,6,0.09836065573770492
2020-03-12,Iraq,9,1,70,7,0.1
2020-03-13,Iraq,0,0,70,7,0.1
2020-03-14,Iraq,23,2,93,9,0.0967741935483871
2020-03-01,Ireland,0,0,1,0,0
2020-03-02,Ireland,0,0,1,0,0
2020-03-03,Ireland,0,0,1,0,0
2020-03-04,Ireland,1,0,2,0,0
2020-03-05,Ireland,0,0,2,0,0
2020-03-06,Ireland,12,0,14,0,0
2020-03-07,Ireland,4,0,18,0,0
2020-03-08,Ireland,1,0,19,0,0
2020-03-09,Ireland,2,0,21,0,0
2020-03-10,Ireland,3,0,24,0,0
2020-03-11,Ireland,10,0,34,0,0
2020-03-12,Ireland,9,0,43,1,0.023255813953488372
2020-03-13,Ireland,27,0,70,1,0.014285714285714285
2020-03-14,Ireland,20,0,90,1,0.011111111111111112
2020-02-22,Israel,0,0,1,0,0
2020-02-23,Israel,0,0,1,0,0
2020-02-24,Israel,0,0,1,0,0
2020-02-25,Israel,1,0,2,0,0
2020-02-26,Israel,0,0,2,0,0
2020-02-27,Israel,0,0,2,0,0
2020-02-28,Israel,1,0,3,0,0
2020-02-29,Israel,2,0,5,0,0
2020-03-01,Israel,2,0,7,0,0
2020-03-02,Israel,0,0,7,0,0
2020-03-03,Israel,3,0,10,0,0
2020-03-04,Israel,2,0,12,0,0
2020-03-05,Israel,3,0,15,0,0
2020-03-06,Israel,0,0,15,0,0
2020-03-07,Israel,4,0,19,0,0
2020-03-08,Israel,6,0,25,0,0
2020-03-09,Israel,14,0,39,0,0
2020-03-10,Israel,0,0,39,0,0
2020-03-11,Israel,36,0,75,0,0
2020-03-12,Israel,0,0,75,0,0
2020-03-13,Israel,0,0,75,0,0
2020-03-14,Israel,25,0,100,0,0
2020-01-31,Italy,0,0,2,0,0
2020-02-01,Italy,0,0,2,0,0
2020-02-02,Italy,0,0,2,0,0
2020-02-03,Italy,0,0,2,0,0
2020-02-04,Italy,0,0,2,0,0
2020-02-05,Italy,0,0,2,0,0
2020-02-06,Italy,0,0,2,0,0
2020-02-07,Italy,1,0,3,0,0
2020-02-08,Italy,0,0,3,0,0
2020-02-09,Italy,0,0,3,0,0
2020-02-10,Italy,0,0,3,0,0
2020-02-11,Italy,0,0,3,0,0
2020-02-12,Italy,0,0,3,0,0
2020-02-13,Italy,0,0,3,0,0
2020-02-14,Italy,0,0,3,0,0
2020-02-15,Italy,0,0,3,0,0
2020-02-16,Italy,0,0,3,0,0
2020-02-17,Italy,0,0,3,0,0
2020-02-18,Italy,0,0,3,0,0
2020-02-19,Italy,0,0,3,0,0
2020-02-20,Italy,0,0,3,0,0
2020-02-21,Italy,0,0,3,0,0
2020-02-22,Italy,6,0,9,0,0
2020-02-23,Italy,67,0,76,2,0.02631578947368421
2020-02-24,Italy,48,0,124,2,0.016129032258064516
2020-02-25,Italy,105,4,229,6,0.026200873362445413
2020-02-26,Italy,93,5,322,11,0.034161490683229816
2020-02-27,Italy,78,1,400,12,0.03
2020-02-28,Italy,250,5,650,17,0.026153846153846153
2020-02-29,Italy,238,4,888,21,0.02364864864864865
2020-03-01,Italy,240,8,1128,29,0.025709219858156027
2020-03-02,Italy,561,6,1689,35,0.020722320899940794
2020-03-03,Italy,347,17,2036,52,0.025540275049115914
2020-03-04,Italy,466,28,2502,80,0.0319744204636291
2020-03-05,Italy,587,27,3089,107,0.03463904176108773
2020-03-06,Italy,769,41,3858,148,0.0383618455158113
2020-03-07,Italy,778,49,4636,197,0.042493528904227786
2020-03-08,Italy,1247,37,5883,234,0.03977562468128506
2020-03-09,Italy,1492,132,7375,366,0.0496271186440678
2020-03-10,Italy,1797,97,9172,463,0.050479720889664195
2020-03-11,Italy,977,168,10149,631,0.062173613163858506
2020-03-12,Italy,2313,196,12462,827,0.06636173968865351
2020-03-13,Italy,2651,189,15113,1016,0.06722689075630252
2020-03-14,Italy,2547,252,17660,1268,0.07180067950169876
2020-03-11,Jamaica,0,0,1,0,0
2020-03-12,Jamaica,0,0,1,0,0
2020-03-13,Jamaica,0,0,1,0,0
2020-03-14,Jamaica,6,0,7,0,0
2020-01-21,Japan,0,0,1,0,0
2020-01-22,Japan,0,0,1,0,0
2020-01-23,Japan,0,0,1,0,0
2020-01-24,Japan,0,0,1,0,0
2020-01-25,Japan,2,0,3,0,0
2020-01-26,Japan,0,0,3,0,0
2020-01-27,Japan,1,0,4,0,0
2020-01-28,Japan,2,0,6,0,0
2020-01-29,Japan,1,0,7,0,0
2020-01-30,Japan,4,0,11,0,0
2020-01-31,Japan,3,0,14,0,0
2020-02-01,Japan,3,0,17,0,0
2020-02-02,Japan,3,0,20,0,0
2020-02-03,Japan,0,0,20,0,0
2020-02-04,Japan,0,0,20,0,0
2020-02-05,Japan,3,0,23,0,0
2020-02-06,Japan,2,0,25,0,0
2020-02-07,Japan,0,0,25,0,0
2020-02-08,Japan,0,0,25,0,0
2020-02-09,Japan,1,0,26,0,0
2020-02-10,Japan,0,0,26,0,0
2020-02-11,Japan,0,0,26,0,0
2020-02-12,Japan,2,0,28,0,0
2020-02-13,Japan,1,0,29,0,0
2020-02-14,Japan,4,0,33,1,0.030303030303030304
2020-02-15,Japan,8,0,41,1,0.024390243902439025
2020-02-16,Japan,12,0,53,1,0.018867924528301886
2020-02-17,Japan,6,0,59,1,0.01694915254237288
2020-02-18,Japan,6,0,65,1,0.015384615384615385
2020-02-19,Japan,8,0,73,1,0.0136986301369863
2020-02-20,Japan,12,0,85,1,0.011764705882352941
2020-02-21,Japan,8,0,93,1,0.010752688172043012
2020-02-22,Japan,12,0,105,1,0.009523809523809525
2020-02-23,Japan,27,0,132,1,0.007575757575757576
2020-02-24,Japan,12,0,144,1,0.006944444444444444
2020-02-25,Japan,13,0,157,1,0.006369426751592357
2020-02-26,Japan,7,0,164,1,0.006097560975609756
2020-02-27,Japan,22,2,186,3,0.016129032258064516
2020-02-28,Japan,24,1,210,4,0.01904761904761905
2020-02-29,Japan,20,1,230,5,0.021739130434782608
2020-03-01,Japan,9,0,239,5,0.02092050209205021
2020-03-02,Japan,15,1,254,6,0.023622047244094488
2020-03-03,Japan,14,0,268,6,0.022388059701492536
2020-03-04,Japan,16,0,284,6,0.02112676056338028
2020-03-05,Japan,33,0,317,6,0.01892744479495268
2020-03-06,Japan,32,0,349,6,0.017191977077363897
2020-03-07,Japan,59,0,408,6,0.014705882352941176
2020-03-08,Japan,47,0,455,6,0.013186813186813187
2020-03-09,Japan,33,1,488,7,0.014344262295081968
2020-03-10,Japan,26,2,514,9,0.017509727626459144
2020-03-11,Japan,54,3,568,12,0.02112676056338028
2020-03-12,Japan,52,3,620,15,0.024193548387096774
2020-03-13,Japan,55,4,675,19,0.028148148148148148
2020-03-14,Japan,41,2,716,21,0.029329608938547486
2020-03-13,Jersey,0,0,2,0,0
2020-03-14,Jersey,0,0,2,0,0
2020-03-03,Jordan,0,0,1,0,0
2020-03-04,Jordan,0,0,1,0,0
2020-03-05,Jordan,0,0,1,0,0
2020-03-06,Jordan,0,0,1,0,0
2020-03-07,Jordan,0,0,1,0,0
2020-03-08,Jordan,0,0,1,0,0
2020-03-09,Jordan,0,0,1,0,0
2020-03-10,Jordan,0,0,1,0,0
2020-03-11,Jordan,0,0,1,0,0
2020-03-12,Jordan,0,0,1,0,0
2020-03-13,Jordan,0,0,1,0,0
2020-03-14,Jordan,0,0,1,0,0
2020-03-14,Kenya,0,0,1,0,0
2020-02-24,Kuwait,0,0,3,0,0
2020-02-25,Kuwait,5,0,8,0,0
2020-02-26,Kuwait,4,0,12,0,0
2020-02-27,Kuwait,31,0,43,0,0
2020-02-28,Kuwait,0,0,43,0,0
2020-02-29,Kuwait,2,0,45,0,0
2020-03-01,Kuwait,0,0,45,0,0
2020-03-02,Kuwait,11,0,56,0,0
2020-03-03,Kuwait,0,0,56,0,0
2020-03-04,Kuwait,0,0,56,0,0
2020-03-05,Kuwait,2,0,58,0,0
2020-03-06,Kuwait,0,0,58,0,0
2020-03-07,Kuwait,0,0,58,0,0
2020-03-08,Kuwait,4,0,62,0,0
2020-03-09,Kuwait,2,0,64,0,0
2020-03-10,Kuwait,1,0,65,0,0
2020-03-11,Kuwait,4,0,69,0,0
2020-03-12,Kuwait,11,0,80,0,0
2020-03-13,Kuwait,0,0,80,0,0
2020-03-14,Kuwait,20,0,100,0,0
2020-03-03,Latvia,0,0,1,0,0
2020-03-04,Latvia,0,0,1,0,0
2020-03-05,Latvia,0,0,1,0,0
2020-03-06,Latvia,0,0,1,0,0
2020-03-07,Latvia,0,0,1,0,0
2020-03-08,Latvia,0,0,1,0,0
2020-03-09,Latvia,2,0,3,0,0
2020-03-10,Latvia,3,0,6,0,0
2020-03-11,Latvia,2,0,8,0,0
2020-03-12,Latvia,8,0,16,0,0
2020-03-13,Latvia,0,0,16,0,0
2020-03-14,Latvia,0,0,16,0,0
2020-02-22,Lebanon,0,0,1,0,0
2020-02-23,Lebanon,0,0,1,0,0
2020-02-24,Lebanon,0,0,1,0,0
2020-02-25,Lebanon,0,0,1,0,0
2020-02-26,Lebanon,0,0,1,0,0
2020-02-27,Lebanon,1,0,2,0,0
2020-02-28,Lebanon,0,0,2,0,0
2020-02-29,Lebanon,0,0,2,0,0
2020-03-01,Lebanon,0,0,2,0,0
2020-03-02,Lebanon,8,0,10,0,0
2020-03-03,Lebanon,3,0,13,0,0
2020-03-04,Lebanon,0,0,13,0,0
2020-03-05,Lebanon,0,0,13,0,0
2020-03-06,Lebanon,3,0,16,0,0
2020-03-07,Lebanon,6,0,22,0,0
2020-03-08,Lebanon,6,0,28,0,0
2020-03-09,Lebanon,4,0,32,0,0
2020-03-10,Lebanon,9,0,41,0,0
2020-03-11,Lebanon,0,0,41,1,0.024390243902439025
2020-03-12,Lebanon,25,2,66,3,0.045454545454545456
2020-03-13,Lebanon,0,0,66,3,0.045454545454545456
2020-03-14,Lebanon,11,1,77,4,0.05194805194805195
2020-03-05,Liechtenstein,0,0,1,0,0
2020-03-06,Liechtenstein,0,0,1,0,0
2020-03-07,Liechtenstein,0,0,1,0,0
2020-03-08,Liechtenstein,0,0,1,0,0
2020-03-09,Liechtenstein,0,0,1,0,0
2020-03-10,Liechtenstein,0,0,1,0,0
2020-03-11,Liechtenstein,0,0,1,0,0
2020-03-12,Liechtenstein,0,0,1,0,0
2020-03-13,Liechtenstein,3,0,4,0,0
2020-03-14,Liechtenstein,0,0,4,0,0
2020-02-28,Lithuania,0,0,1,0,0
2020-02-29,Lithuania,0,0,1,0,0
2020-03-01,Lithuania,0,0,1,0,0
2020-03-02,Lithuania,0,0,1,0,0
2020-03-03,Lithuania,0,0,1,0,0
2020-03-04,Lithuania,0,0,1,0,0
2020-03-05,Lithuania,0,0,1,0,0
2020-03-06,Lithuania,0,0,1,0,0
2020-03-07,Lithuania,0,0,1,0,0
2020-03-08,Lithuania,0,0,1,0,0
2020-03-09,Lithuania,0,0,1,0,0
2020-03-10,Lithuania,0,0,1,0,0
2020-03-11,Lithuania,0,0,1,0,0
2020-03-12,Lithuania,2,0,3,0,0
2020-03-13,Lithuania,0,0,3,0,0
2020-03-14,Lithuania,3,0,6,0,0
2020-03-02,Luxembourg,0,0,1,0,0
2020-03-03,Luxembourg,0,0,1,0,0
2020-03-04,Luxembourg,0,0,1,0,0
2020-03-05,Luxembourg,0,0,1,0,0
2020-03-06,Luxembourg,0,0,1,0,0
2020-03-07,Luxembourg,1,0,2,0,0
2020-03-08,Luxembourg,0,0,2,0,0
2020-03-09,Luxembourg,0,0,2,0,0
2020-03-10,Luxembourg,3,0,5,0,0
2020-03-11,Luxembourg,0,0,5,0,0
2020-03-12,Luxembourg,12,0,17,0,0
2020-03-13,Luxembourg,0,0,17,0,0
2020-03-14,Luxembourg,21,0,38,1,0.02631578947368421
2020-01-26,Malaysia,0,0,3,0,0
2020-01-27,Malaysia,1,0,4,0,0
2020-01-28,Malaysia,0,0,4,0,0
2020-01-29,Malaysia,0,0,4,0,0
2020-01-30,Malaysia,3,0,7,0,0
2020-01-31,Malaysia,1,0,8,0,0
2020-02-01,Malaysia,0,0,8,0,0
2020-02-02,Malaysia,0,0,8,0,0
2020-02-03,Malaysia,0,0,8,0,0
2020-02-04,Malaysia,2,0,10,0,0
2020-02-05,Malaysia,0,0,10,0,0
2020-02-06,Malaysia,2,0,12,0,0
2020-02-07,Malaysia,2,0,14,0,0
2020-02-08,Malaysia,1,0,15,0,0
2020-02-09,Malaysia,2,0,17,0,0
2020-02-10,Malaysia,1,0,18,0,0
2020-02-11,Malaysia,0,0,18,0,0
2020-02-12,Malaysia,0,0,18,0,0
2020-02-13,Malaysia,0,0,18,0,0
2020-02-14,Malaysia,1,0,19,0,0
2020-02-15,Malaysia,2,0,21,0,0
2020-02-16,Malaysia,1,0,22,0,0
2020-02-17,Malaysia,0,0,22,0,0
2020-02-18,Malaysia,0,0,22,0,0
2020-02-19,Malaysia,0,0,22,0,0
2020-02-20,Malaysia,0,0,22,0,0
2020-02-21,Malaysia,0,0,22,0,0
2020-02-22,Malaysia,0,0,22,0,0
2020-02-23,Malaysia,0,0,22,0,0
2020-02-24,Malaysia,0,0,22,0,0
2020-02-25,Malaysia,0,0,22,0,0
2020-02-26,Malaysia,0,0,22,0,0
2020-02-27,Malaysia,0,0,22,0,0
2020-02-28,Malaysia,2,0,24,0,0
2020-02-29,Malaysia,0,0,24,0,0
2020-03-01,Malaysia,0,0,24,0,0
2020-03-02,Malaysia,0,0,24,0,0
2020-03-03,Malaysia,5,0,29,0,0
2020-03-04,Malaysia,21,0,50,0,0
2020-03-05,Malaysia,0,0,50,0,0
2020-03-06,Malaysia,5,0,55,0,0
2020-03-07,Malaysia,28,0,83,0,0
2020-03-08,Malaysia,10,0,93,0,0
2020-03-09,Malaysia,0,0,93,0,0
2020-03-10,Malaysia,24,0,117,0,0
2020-03-11,Malaysia,12,0,129,0,0
2020-03-12,Malaysia,0,0,129,0,0
2020-03-13,Malaysia,0,0,129,0,0
2020-03-14,Malaysia,68,0,197,0,0
2020-03-08,Maldives,0,0,2,0,0
2020-03-09,Maldives,2,0,4,0,0
2020-03-10,Maldives,0,0,4,0,0
2020-03-11,Maldives,4,0,8,0,0
2020-03-12,Maldives,0,0,8,0,0
2020-03-13,Maldives,0,0,8,0,0
2020-03-14,Maldives,1,0,9,0,0
2020-03-08,Malta,0,0,3,0,0
2020-03-09,Malta,0,0,3,0,0
2020-03-10,Malta,1,0,4,0,0
2020-03-11,Malta,0,0,4,0,0
2020-03-12,Malta,2,0,6,0,0
2020-03-13,Malta,3,0,9,0,0
2020-03-14,Malta,3,0,12,0,0
2020-03-08,Martinique,0,0,2,0,0
2020-03-09,Martinique,0,0,2,0,0
2020-03-10,Martinique,0,0,2,0,0
2020-03-11,Martinique,1,0,3,0,0
2020-03-12,Martinique,0,0,3,0,0
2020-03-13,Martinique,1,0,4,0,0
2020-03-14,Martinique,2,0,6,0,0
2020-02-29,Mexico,0,0,2,0,0
2020-03-01,Mexico,0,0,2,0,0
2020-03-02,Mexico,3,0,5,0,0
2020-03-03,Mexico,0,0,5,0,0
2020-03-04,Mexico,0,0,5,0,0
2020-03-05,Mexico,0,0,5,0,0
2020-03-06,Mexico,0,0,5,0,0
2020-03-07,Mexico,0,0,5,0,0
2020-03-08,Mexico,2,0,7,0,0
2020-03-09,Mexico,0,0,7,0,0
2020-03-10,Mexico,0,0,7,0,0
2020-03-11,Mexico,0,0,7,0,0
2020-03-12,Mexico,4,0,11,0,0
2020-03-13,Mexico,1,0,12,0,0
2020-03-14,Mexico,14,0,26,0,0
2020-03-01,Monaco,0,0,1,0,0
2020-03-02,Monaco,0,0,1,0,0
2020-03-03,Monaco,0,0,1,0,0
2020-03-04,Monaco,0,0,1,0,0
2020-03-05,Monaco,0,0,1,0,0
2020-03-06,Monaco,0,0,1,0,0
2020-03-07,Monaco,0,0,1,0,0
2020-03-08,Monaco,0,0,1,0,0
2020-03-09,Monaco,0,0,1,0,0
2020-03-10,Monaco,0,0,1,0,0
2020-03-11,Monaco,0,0,1,0,0
2020-03-12,Monaco,0,0,1,0,0
2020-03-13,Monaco,0,0,1,0,0
2020-03-14,Monaco,1,0,2,0,0
2020-03-10,Mongolia,0,0,1,0,0
2020-03-11,Mongolia,0,0,1,0,0
2020-03-12,Mongolia,0,0,1,0,0
2020-03-13,Mongolia,0,0,1,0,0
2020-03-14,Mongolia,0,0,1,0,0
2020-03-03,Morocco,0,0,1,0,0
2020-03-04,Morocco,0,0,1,0,0
2020-03-05,Morocco,1,0,2,0,0
2020-03-06,Morocco,0,0,2,0,0
2020-03-07,Morocco,0,0,2,0,0
2020-03-08,Morocco,0,0,2,0,0
2020-03-09,Morocco,0,0,2,0,0
2020-03-10,Morocco,0,0,2,0,0
2020-03-11,Morocco,1,0,3,1,0.3333333333333333
2020-03-12,Morocco,2,0,5,1,0.2
2020-03-13,Morocco,1,0,6,1,0.16666666666666666
2020-03-14,Morocco,1,0,7,1,0.14285714285714285
2020-01-25,Nepal,0,0,1,0,0
2020-01-26,Nepal,0,0,1,0,0
2020-01-27,Nepal,0,0,1,0,0
2020-01-28,Nepal,0,0,1,0,0
2020-01-29,Nepal,0,0,1,0,0
2020-01-30,Nepal,0,0,1,0,0
2020-01-31,Nepal,0,0,1,0,0
2020-02-01,Nepal,0,0,1,0,0
2020-02-02,Nepal,0,0,1,0,0
2020-02-03,Nepal,0,0,1,0,0
2020-02-04,Nepal,0,0,1,0,0
2020-02-05,Nepal,0,0,1,0,0
2020-02-06,Nepal,0,0,1,0,0
2020-02-07,Nepal,0,0,1,0,0
2020-02-08,Nepal,0,0,1,0,0
2020-02-09,Nepal,0,0,1,0,0
2020-02-10,Nepal,0,0,1,0,0
2020-02-11,Nepal,0,0,1,0,0
2020-02-12,Nepal,0,0,1,0,0
2020-02-13,Nepal,0,0,1,0,0
2020-02-14,Nepal,0,0,1,0,0
2020-02-15,Nepal,0,0,1,0,0
2020-02-16,Nepal,0,0,1,0,0
2020-02-17,Nepal,0,0,1,0,0
2020-02-18,Nepal,0,0,1,0,0
2020-02-19,Nepal,0,0,1,0,0
2020-02-20,Nepal,0,0,1,0,0
2020-02-21,Nepal,0,0,1,0,0
2020-02-22,Nepal,0,0,1,0,0
2020-02-23,Nepal,0,0,1,0,0
2020-02-24,Nepal,0,0,1,0,0
2020-02-25,Nepal,0,0,1,0,0
2020-02-26,Nepal,0,0,1,0,0
2020-02-27,Nepal,0,0,1,0,0
2020-02-28,Nepal,0,0,1,0,0
2020-02-29,Nepal,0,0,1,0,0
2020-03-01,Nepal,0,0,1,0,0
2020-03-02,Nepal,0,0,1,0,0
2020-03-03,Nepal,0,0,1,0,0
2020-03-04,Nepal,0,0,1,0,0
2020-03-05,Nepal,0,0,1,0,0
2020-03-06,Nepal,0,0,1,0,0
2020-03-07,Nepal,0,0,1,0,0
2020-03-08,Nepal,0,0,1,0,0
2020-03-09,Nepal,0,0,1,0,0
2020-03-10,Nepal,0,0,1,0,0
2020-03-11,Nepal,0,0,1,0,0
2020-03-12,Nepal,0,0,1,0,0
2020-03-13,Nepal,0,0,1,0,0
2020-03-14,Nepal,0,0,1,0,0
2020-02-28,Netherlands,0,0,1,0,0
2020-02-29,Netherlands,1,0,2,0,0
2020-03-01,Netherlands,5,0,7,0,0
2020-03-02,Netherlands,6,0,13,0,0
2020-03-03,Netherlands,5,0,18,0,0
2020-03-04,Netherlands,10,0,28,0,0
2020-03-05,Netherlands,10,0,38,0,0
2020-03-06,Netherlands,44,0,82,0,0
2020-03-07,Netherlands,46,0,128,1,0.0078125
2020-03-08,Netherlands,60,0,188,1,0.005319148936170213
2020-03-09,Netherlands,77,2,265,3,0.011320754716981131
2020-03-10,Netherlands,56,0,321,3,0.009345794392523364
2020-03-11,Netherlands,61,1,382,4,0.010471204188481676
2020-03-12,Netherlands,121,1,503,5,0.009940357852882704
2020-03-13,Netherlands,111,0,614,5,0.008143322475570033
2020-03-14,Netherlands,190,5,804,10,0.012437810945273632
2020-02-28,New Zealand,0,0,1,0,0
2020-02-29,New Zealand,0,0,1,0,0
2020-03-01,New Zealand,0,0,1,0,0
2020-03-02,New Zealand,0,0,1,0,0
2020-03-03,New Zealand,1,0,2,0,0
2020-03-04,New Zealand,0,0,2,0,0
2020-03-05,New Zealand,0,0,2,0,0
2020-03-06,New Zealand,2,0,4,0,0
2020-03-07,New Zealand,1,0,5,0,0
2020-03-08,New Zealand,0,0,5,0,0
2020-03-09,New Zealand,0,0,5,0,0
2020-03-10,New Zealand,0,0,5,0,0
2020-03-11,New Zealand,0,0,5,0,0
2020-03-12,New Zealand,0,0,5,0,0
2020-03-13,New Zealand,0,0,5,0,0
2020-03-14,New Zealand,1,0,6,0,0
2020-02-28,Nigeria,0,0,1,0,0
2020-02-29,Nigeria,0,0,1,0,0
2020-03-01,Nigeria,0,0,1,0,0
2020-03-02,Nigeria,0,0,1,0,0
2020-03-03,Nigeria,0,0,1,0,0
2020-03-04,Nigeria,0,0,1,0,0
2020-03-05,Nigeria,0,0,1,0,0
2020-03-06,Nigeria,0,0,1,0,0
2020-03-07,Nigeria,0,0,1,0,0
2020-03-08,Nigeria,0,0,1,0,0
2020-03-09,Nigeria,1,0,2,0,0
2020-03-10,Nigeria,0,0,2,0,0
2020-03-11,Nigeria,0,0,2,0,0
2020-03-12,Nigeria,0,0,2,0,0
2020-03-13,Nigeria,0,0,2,0,0
2020-03-14,Nigeria,0,0,2,0,0
2020-02-27,Macedonia,0,0,1,0,0
2020-02-28,Macedonia,0,0,1,0,0
2020-02-29,Macedonia,0,0,1,0,0
2020-03-01,Macedonia,0,0,1,0,0
2020-03-02,Macedonia,0,0,1,0,0
2020-03-03,Macedonia,0,0,1,0,0
2020-03-04,Macedonia,0,0,1,0,0
2020-03-05,Macedonia,0,0,1,0,0
2020-03-06,Macedonia,0,0,1,0,0
2020-03-07,Macedonia,2,0,3,0,0
2020-03-08,Macedonia,0,0,3,0,0
2020-03-09,Macedonia,0,0,3,0,0
2020-03-10,Macedonia,4,0,7,0,0
2020-03-11,Macedonia,0,0,7,0,0
2020-03-12,Macedonia,0,0,7,0,0
2020-03-13,Macedonia,0,0,7,0,0
2020-03-14,Macedonia,2,0,9,0,0
2020-02-27,Norway,0,0,1,0,0
2020-02-28,Norway,3,0,4,0,0
2020-02-29,Norway,2,0,6,0,0
2020-03-01,Norway,9,0,15,0,0
2020-03-02,Norway,4,0,19,0,0
2020-03-03,Norway,6,0,25,0,0
2020-03-04,Norway,7,0,32,0,0
2020-03-05,Norway,24,0,56,0,0
2020-03-06,Norway,30,0,86,0,0
2020-03-07,Norway,27,0,113,0,0
2020-03-08,Norway,34,0,147,0,0
2020-03-09,Norway,22,0,169,0,0
2020-03-10,Norway,23,0,192,0,0
2020-03-11,Norway,85,0,277,0,0
2020-03-12,Norway,212,0,489,0,0
2020-03-13,Norway,0,0,489,1,0.002044989775051125
2020-03-14,Norway,261,0,750,1,0.0013333333333333333
2020-03-05,Palestine,0,0,4,0,0
2020-03-06,Palestine,3,0,7,0,0
2020-03-07,Palestine,9,0,16,0,0
2020-03-08,Palestine,0,0,16,0,0
2020-03-09,Palestine,3,0,19,0,0
2020-03-10,Palestine,7,0,26,0,0
2020-03-11,Palestine,4,0,30,0,0
2020-03-12,Palestine,0,0,30,0,0
2020-03-13,Palestine,1,0,31,0,0
2020-03-14,Palestine,4,0,35,0,0
2020-02-25,Oman,0,0,2,0,0
2020-02-26,Oman,2,0,4,0,0
2020-02-27,Oman,0,0,4,0,0
2020-02-28,Oman,2,0,6,0,0
2020-02-29,Oman,0,0,6,0,0
2020-03-01,Oman,0,0,6,0,0
2020-03-02,Oman,0,0,6,0,0
2020-03-03,Oman,0,0,6,0,0
2020-03-04,Oman,6,0,12,0,0
2020-03-05,Oman,3,0,15,0,0
2020-03-06,Oman,1,0,16,0,0
2020-03-07,Oman,0,0,16,0,0
2020-03-08,Oman,0,0,16,0,0
2020-03-09,Oman,0,0,16,0,0
2020-03-10,Oman,2,0,18,0,0
2020-03-11,Oman,0,0,18,0,0
2020-03-12,Oman,0,0,18,0,0
2020-03-13,Oman,0,0,18,0,0
2020-03-14,Oman,1,0,19,0,0
2020-02-27,Pakistan,0,0,2,0,0
2020-02-28,Pakistan,0,0,2,0,0
2020-02-29,Pakistan,0,0,2,0,0
2020-03-01,Pakistan,2,0,4,0,0
2020-03-02,Pakistan,0,0,4,0,0
2020-03-03,Pakistan,1,0,5,0,0
2020-03-04,Pakistan,0,0,5,0,0
2020-03-05,Pakistan,0,0,5,0,0
2020-03-06,Pakistan,0,0,5,0,0
2020-03-07,Pakistan,0,0,5,0,0
2020-03-08,Pakistan,0,0,5,0,0
2020-03-09,Pakistan,1,0,6,0,0
2020-03-10,Pakistan,10,0,16,0,0
2020-03-11,Pakistan,0,0,16,0,0
2020-03-12,Pakistan,3,0,19,0,0
2020-03-13,Pakistan,1,0,20,0,0
2020-03-14,Pakistan,1,0,21,0,0
2020-03-10,Panama,0,0,1,0,0
2020-03-11,Panama,7,0,8,1,0.125
2020-03-12,Panama,2,0,10,1,0.1
2020-03-13,Panama,4,0,14,1,0.07142857142857142
2020-03-14,Panama,13,0,27,1,0.037037037037037035
2020-03-09,Paraguay,0,0,1,0,0
2020-03-10,Paraguay,0,0,1,0,0
2020-03-11,Paraguay,4,0,5,0,0
2020-03-12,Paraguay,0,0,5,0,0
2020-03-13,Paraguay,0,0,5,0,0
2020-03-14,Paraguay,1,0,6,0,0
2020-03-07,Peru,0,0,1,0,0
2020-03-08,Peru,5,0,6,0,0
2020-03-09,Peru,0,0,6,0,0
2020-03-10,Peru,3,0,9,0,0
2020-03-11,Peru,2,0,11,0,0
2020-03-12,Peru,6,0,17,0,0
2020-03-13,Peru,5,0,22,0,0
2020-03-14,Peru,6,0,28,0,0
2020-01-30,Philippines,0,0,1,0,0
2020-01-31,Philippines,0,0,1,0,0
2020-02-01,Philippines,0,0,1,0,0
2020-02-02,Philippines,1,0,2,1,0.5
2020-02-03,Philippines,0,0,2,1,0.5
2020-02-04,Philippines,0,0,2,1,0.5
2020-02-05,Philippines,1,0,3,1,0.3333333333333333
2020-02-06,Philippines,0,0,3,1,0.3333333333333333
2020-02-07,Philippines,0,0,3,1,0.3333333333333333
2020-02-08,Philippines,0,0,3,1,0.3333333333333333
2020-02-09,Philippines,0,0,3,1,0.3333333333333333
2020-02-10,Philippines,0,0,3,1,0.3333333333333333
2020-02-11,Philippines,0,0,3,1,0.3333333333333333
2020-02-12,Philippines,0,0,3,1,0.3333333333333333
2020-02-13,Philippines,0,0,3,1,0.3333333333333333
2020-02-14,Philippines,0,0,3,1,0.3333333333333333
2020-02-15,Philippines,0,0,3,1,0.3333333333333333
2020-02-16,Philippines,0,0,3,1,0.3333333333333333
2020-02-17,Philippines,0,0,3,1,0.3333333333333333
2020-02-18,Philippines,0,0,3,1,0.3333333333333333
2020-02-19,Philippines,0,0,3,1,0.3333333333333333
2020-02-20,Philippines,0,0,3,1,0.3333333333333333
2020-02-21,Philippines,0,0,3,1,0.3333333333333333
2020-02-22,Philippines,0,0,3,1,0.3333333333333333
2020-02-23,Philippines,0,0,3,1,0.3333333333333333
2020-02-24,Philippines,0,0,3,1,0.3333333333333333
2020-02-25,Philippines,0,0,3,1,0.3333333333333333
2020-02-26,Philippines,0,0,3,1,0.3333333333333333
2020-02-27,Philippines,0,0,3,1,0.3333333333333333
2020-02-28,Philippines,0,0,3,1,0.3333333333333333
2020-02-29,Philippines,0,0,3,1,0.3333333333333333
2020-03-01,Philippines,0,0,3,1,0.3333333333333333
2020-03-02,Philippines,0,0,3,1,0.3333333333333333
2020-03-03,Philippines,0,0,3,1,0.3333333333333333
2020-03-04,Philippines,0,0,3,1,0.3333333333333333
2020-03-05,Philippines,0,0,3,1,0.3333333333333333
2020-03-06,Philippines,2,0,5,1,0.2
2020-03-07,Philippines,0,0,5,1,0.2
2020-03-08,Philippines,1,0,6,1,0.16666666666666666
2020-03-09,Philippines,4,0,10,1,0.1
2020-03-10,Philippines,23,0,33,1,0.030303030303030304
2020-03-11,Philippines,16,0,49,1,0.02040816326530612
2020-03-12,Philippines,3,1,52,2,0.038461538461538464
2020-03-13,Philippines,0,0,52,2,0.038461538461538464
2020-03-14,Philippines,12,0,64,2,0.03125
2020-03-04,Poland,0,0,1,0,0
2020-03-05,Poland,0,0,1,0,0
2020-03-06,Poland,0,0,1,0,0
2020-03-07,Poland,4,0,5,0,0
2020-03-08,Poland,1,0,6,0,0
2020-03-09,Poland,5,0,11,0,0
2020-03-10,Poland,5,0,16,0,0
2020-03-11,Poland,6,0,22,0,0
2020-03-12,Poland,22,0,44,0,0
2020-03-13,Poland,5,0,49,1,0.02040816326530612
2020-03-14,Poland,15,0,64,1,0.015625
2020-03-03,Portugal,0,0,2,0,0
2020-03-04,Portugal,0,0,2,0,0
2020-03-05,Portugal,5,0,7,0,0
2020-03-06,Portugal,2,0,9,0,0
2020-03-07,Portugal,4,0,13,0,0
2020-03-08,Portugal,8,0,21,0,0
2020-03-09,Portugal,9,0,30,0,0
2020-03-10,Portugal,0,0,30,0,0
2020-03-11,Portugal,11,0,41,0,0
2020-03-12,Portugal,0,0,41,0,0
2020-03-13,Portugal,0,0,41,0,0
2020-03-14,Portugal,71,0,112,0,0
2020-03-14,Puerto Rico,0,0,3,0,0
2020-03-01,Qatar,0,0,1,0,0
2020-03-02,Qatar,2,0,3,0,0
2020-03-03,Qatar,4,0,7,0,0
2020-03-04,Qatar,1,0,8,0,0
2020-03-05,Qatar,0,0,8,0,0
2020-03-06,Qatar,0,0,8,0,0
2020-03-07,Qatar,3,0,11,0,0
2020-03-08,Qatar,1,0,12,0,0
2020-03-09,Qatar,3,0,15,0,0
2020-03-10,Qatar,3,0,18,0,0
2020-03-11,Qatar,6,0,24,0,0
2020-03-12,Qatar,238,0,262,0,0
2020-03-13,Qatar,0,0,262,0,0
2020-03-14,Qatar,0,0,262,0,0
2020-01-21,South Korea,0,0,1,0,0
2020-01-22,South Korea,0,0,1,0,0
2020-01-23,South Korea,0,0,1,0,0
2020-01-24,South Korea,1,0,2,0,0
2020-01-25,South Korea,0,0,2,0,0
2020-01-26,South Korea,0,0,2,0,0
2020-01-27,South Korea,2,0,4,0,0
2020-01-28,South Korea,0,0,4,0,0
2020-01-29,South Korea,0,0,4,0,0
2020-01-30,South Korea,0,0,4,0,0
2020-01-31,South Korea,7,0,11,0,0
2020-02-01,South Korea,1,0,12,0,0
2020-02-02,South Korea,3,0,15,0,0
2020-02-03,South Korea,0,0,15,0,0
2020-02-04,South Korea,1,0,16,0,0
2020-02-05,South Korea,2,0,18,0,0
2020-02-06,South Korea,5,0,23,0,0
2020-02-07,South Korea,1,0,24,0,0
2020-02-08,South Korea,0,0,24,0,0
2020-02-09,South Korea,3,0,27,0,0
2020-02-10,South Korea,0,0,27,0,0
2020-02-11,South Korea,1,0,28,0,0
2020-02-12,South Korea,0,0,28,0,0
2020-02-13,South Korea,0,0,28,0,0
2020-02-14,South Korea,0,0,28,0,0
2020-02-15,South Korea,0,0,28,0,0
2020-02-16,South Korea,1,0,29,0,0
2020-02-17,South Korea,1,0,30,0,0
2020-02-18,South Korea,1,0,31,0,0
2020-02-19,South Korea,20,0,51,0,0
2020-02-20,South Korea,53,0,104,1,0.009615384615384616
2020-02-21,South Korea,100,0,204,1,0.004901960784313725
2020-02-22,South Korea,142,1,346,2,0.005780346820809248
2020-02-23,South Korea,256,3,602,5,0.008305647840531562
2020-02-24,South Korea,161,2,763,7,0.009174311926605505
2020-02-25,South Korea,214,3,977,10,0.01023541453428864
2020-02-26,South Korea,284,2,1261,12,0.00951625693893735
2020-02-27,South Korea,505,1,1766,13,0.007361268403171008
2020-02-28,South Korea,571,0,2337,13,0.005562687205819427
2020-02-29,South Korea,813,4,3150,17,0.005396825396825397
2020-03-01,South Korea,586,1,3736,18,0.004817987152034261
2020-03-02,South Korea,476,4,4212,22,0.0052231718898385565
2020-03-03,South Korea,600,6,4812,28,0.005818786367414797
2020-03-04,South Korea,516,4,5328,32,0.006006006006006006
2020-03-05,South Korea,438,3,5766,35,0.0060700659035726676
2020-03-06,South Korea,518,7,6284,42,0.00668364099299809
2020-03-07,South Korea,483,2,6767,44,0.0065021427515885915
2020-03-08,South Korea,367,6,7134,50,0.007008690776562938
2020-03-09,South Korea,248,1,7382,51,0.006908696830127336
2020-03-10,South Korea,131,3,7513,54,0.007187541594569413
2020-03-11,South Korea,242,6,7755,60,0.007736943907156673
2020-03-12,South Korea,114,6,7869,66,0.008387342737323675
2020-03-13,South Korea,110,0,7979,66,0.008271713247274095
2020-03-14,South Korea,107,6,8086,72,0.008904279000742024
2020-03-08,Moldova,0,0,1,0,0
2020-03-09,Moldova,0,0,1,0,0
2020-03-10,Moldova,0,0,1,0,0
2020-03-11,Moldova,2,0,3,0,0
2020-03-12,Moldova,1,0,4,0,0
2020-03-13,Moldova,0,0,4,0,0
2020-03-14,Moldova,4,0,8,0,0
2020-02-27,Romania,0,0,1,0,0
2020-02-28,Romania,0,0,1,0,0
2020-02-29,Romania,2,0,3,0,0
2020-03-01,Romania,0,0,3,0,0
2020-03-02,Romania,0,0,3,0,0
2020-03-03,Romania,0,0,3,0,0
2020-03-04,Romania,1,0,4,0,0
2020-03-05,Romania,0,0,4,0,0
2020-03-06,Romania,2,0,6,0,0
2020-03-07,Romania,1,0,7,0,0
2020-03-08,Romania,6,0,13,0,0
2020-03-09,Romania,2,0,15,0,0
2020-03-10,Romania,0,0,15,0,0
2020-03-11,Romania,10,0,25,0,0
2020-03-12,Romania,23,0,48,0,0
2020-03-13,Romania,0,0,48,0,0
2020-03-14,Romania,16,0,64,0,0
2020-02-01,Russia,0,0,2,0,0
2020-02-02,Russia,0,0,2,0,0
2020-02-03,Russia,0,0,2,0,0
2020-02-04,Russia,0,0,2,0,0
2020-02-05,Russia,0,0,2,0,0
2020-02-06,Russia,0,0,2,0,0
2020-02-07,Russia,0,0,2,0,0
2020-02-08,Russia,0,0,2,0,0
2020-02-09,Russia,0,0,2,0,0
2020-02-10,Russia,0,0,2,0,0
2020-02-11,Russia,0,0,2,0,0
2020-02-12,Russia,0,0,2,0,0
2020-02-13,Russia,0,0,2,0,0
2020-02-14,Russia,0,0,2,0,0
2020-02-15,Russia,0,0,2,0,0
2020-02-16,Russia,0,0,2,0,0
2020-02-17,Russia,0,0,2,0,0
2020-02-18,Russia,0,0,2,0,0
2020-02-19,Russia,0,0,2,0,0
2020-02-20,Russia,0,0,2,0,0
2020-02-21,Russia,0,0,2,0,0
2020-02-22,Russia,0,0,2,0,0
2020-02-23,Russia,0,0,2,0,0
2020-02-24,Russia,0,0,2,0,0
2020-02-25,Russia,0,0,2,0,0
2020-02-26,Russia,0,0,2,0,0
2020-02-27,Russia,0,0,2,0,0
2020-02-28,Russia,0,0,2,0,0
2020-02-29,Russia,0,0,2,0,0
2020-03-01,Russia,0,0,2,0,0
2020-03-02,Russia,0,0,2,0,0
2020-03-03,Russia,1,0,3,0,0
2020-03-04,Russia,0,0,3,0,0
2020-03-05,Russia,0,0,3,0,0
2020-03-06,Russia,1,0,4,0,0
2020-03-07,Russia,3,0,7,0,0
2020-03-08,Russia,0,0,7,0,0
2020-03-09,Russia,0,0,7,0,0
2020-03-10,Russia,0,0,7,0,0
2020-03-11,Russia,0,0,7,0,0
2020-03-12,Russia,13,0,20,0,0
2020-03-13,Russia,14,0,34,0,0
2020-03-14,Russia,0,0,34,0,0
2020-03-13,Reunion,0,0,3,0,0
2020-03-14,Reunion,2,0,5,0,0
2020-03-05,Saint Barthlemy,0,0,1,0,0
2020-03-06,Saint Barthlemy,0,0,1,0,0
2020-03-07,Saint Barthlemy,0,0,1,0,0
2020-03-08,Saint Barthlemy,0,0,1,0,0
2020-03-09,Saint Barthlemy,0,0,1,0,0
2020-03-10,Saint Barthlemy,0,0,1,0,0
2020-03-11,Saint Barthlemy,0,0,1,0,0
2020-03-12,Saint Barthlemy,0,0,1,0,0
2020-03-13,Saint Barthlemy,0,0,1,0,0
2020-03-14,Saint Barthlemy,0,0,1,0,0
2020-03-05,Saint Martin (French part),0,0,2,0,0
2020-03-06,Saint Martin (French part),0,0,2,0,0
2020-03-07,Saint Martin (French part),0,0,2,0,0
2020-03-08,Saint Martin (French part),0,0,2,0,0
2020-03-09,Saint Martin (French part),0,0,2,0,0
2020-03-10,Saint Martin (French part),0,0,2,0,0
2020-03-11,Saint Martin (French part),0,0,2,0,0
2020-03-12,Saint Martin (French part),0,0,2,0,0
2020-03-13,Saint Martin (French part),0,0,2,0,0
2020-03-14,Saint Martin (French part),0,0,2,0,0
2020-03-13,Saint Vincent and the Grenadines,0,0,1,0,0
2020-03-14,Saint Vincent and the Grenadines,0,0,1,0,0
2020-02-29,San Marino,0,0,1,0,0
2020-03-01,San Marino,0,0,1,0,0
2020-03-02,San Marino,0,0,1,0,0
2020-03-03,San Marino,7,0,8,0,0
2020-03-04,San Marino,0,0,8,0,0
2020-03-05,San Marino,8,0,16,0,0
2020-03-06,San Marino,5,0,21,0,0
2020-03-07,San Marino,3,0,24,0,0
2020-03-08,San Marino,3,0,27,1,0.037037037037037035
2020-03-09,San Marino,10,0,37,1,0.02702702702702703
2020-03-10,San Marino,12,1,49,2,0.04081632653061224
2020-03-11,San Marino,14,0,63,2,0.031746031746031744
2020-03-12,San Marino,0,0,63,2,0.031746031746031744
2020-03-13,San Marino,0,0,63,2,0.031746031746031744
2020-03-14,San Marino,3,0,66,2,0.030303030303030304
2020-03-03,Saudi Arabia,0,0,1,0,0
2020-03-04,Saudi Arabia,0,0,1,0,0
2020-03-05,Saudi Arabia,1,0,2,0,0
2020-03-06,Saudi Arabia,6,0,8,0,0
2020-03-07,Saudi Arabia,0,0,8,0,0
2020-03-08,Saudi Arabia,3,0,11,0,0
2020-03-09,Saudi Arabia,4,0,15,0,0
2020-03-10,Saudi Arabia,0,0,15,0,0
2020-03-11,Saudi Arabia,5,0,20,0,0
2020-03-12,Saudi Arabia,1,0,21,0,0
2020-03-13,Saudi Arabia,0,0,21,0,0
2020-03-14,Saudi Arabia,41,0,62,0,0
2020-03-03,Senegal,0,0,1,0,0
2020-03-04,Senegal,0,0,1,0,0
2020-03-05,Senegal,3,0,4,0,0
2020-03-06,Senegal,0,0,4,0,0
2020-03-07,Senegal,0,0,4,0,0
2020-03-08,Senegal,0,0,4,0,0
2020-03-09,Senegal,0,0,4,0,0
2020-03-10,Senegal,0,0,4,0,0
2020-03-11,Senegal,0,0,4,0,0
2020-03-12,Senegal,0,0,4,0,0
2020-03-13,Senegal,6,0,10,0,0
2020-03-14,Senegal,0,0,10,0,0
2020-03-06,Serbia,0,0,1,0,0
2020-03-07,Serbia,0,0,1,0,0
2020-03-08,Serbia,0,0,1,0,0
2020-03-09,Serbia,0,0,1,0,0
2020-03-10,Serbia,0,0,1,0,0
2020-03-11,Serbia,11,0,12,0,0
2020-03-12,Serbia,7,0,19,0,0
2020-03-13,Serbia,0,0,19,0,0
2020-03-14,Serbia,12,0,31,0,0
2020-01-24,Singapore,0,0,1,0,0
2020-01-25,Singapore,2,0,3,0,0
2020-01-26,Singapore,1,0,4,0,0
2020-01-27,Singapore,0,0,4,0,0
2020-01-28,Singapore,3,0,7,0,0
2020-01-29,Singapore,0,0,7,0,0
2020-01-30,Singapore,3,0,10,0,0
2020-01-31,Singapore,3,0,13,0,0
2020-02-01,Singapore,3,0,16,0,0
2020-02-02,Singapore,2,0,18,0,0
2020-02-03,Singapore,0,0,18,0,0
2020-02-04,Singapore,0,0,18,0,0
2020-02-05,Singapore,6,0,24,0,0
2020-02-06,Singapore,4,0,28,0,0
2020-02-07,Singapore,2,0,30,0,0
2020-02-08,Singapore,3,0,33,0,0
2020-02-09,Singapore,7,0,40,0,0
2020-02-10,Singapore,3,0,43,0,0
2020-02-11,Singapore,2,0,45,0,0
2020-02-12,Singapore,2,0,47,0,0
2020-02-13,Singapore,3,0,50,0,0
2020-02-14,Singapore,8,0,58,0,0
2020-02-15,Singapore,9,0,67,0,0
2020-02-16,Singapore,5,0,72,0,0
2020-02-17,Singapore,3,0,75,0,0
2020-02-18,Singapore,2,0,77,0,0
2020-02-19,Singapore,4,0,81,0,0
2020-02-20,Singapore,3,0,84,0,0
2020-02-21,Singapore,1,0,85,0,0
2020-02-22,Singapore,1,0,86,0,0
2020-02-23,Singapore,3,0,89,0,0
2020-02-24,Singapore,0,0,89,0,0
2020-02-25,Singapore,1,0,90,0,0
2020-02-26,Singapore,1,0,91,0,0
2020-02-27,Singapore,2,0,93,0,0
2020-02-28,Singapore,3,0,96,0,0
2020-02-29,Singapore,2,0,98,0,0
2020-03-01,Singapore,4,0,102,0,0
2020-03-02,Singapore,4,0,106,0,0
2020-03-03,Singapore,2,0,108,0,0
2020-03-04,Singapore,2,0,110,0,0
2020-03-05,Singapore,0,0,110,0,0
2020-03-06,Singapore,7,0,117,0,0
2020-03-07,Singapore,13,0,130,0,0
2020-03-08,Singapore,8,0,138,0,0
2020-03-09,Singapore,12,0,150,0,0
2020-03-10,Singapore,10,0,160,0,0
2020-03-11,Singapore,6,0,166,0,0
2020-03-12,Singapore,12,0,178,0,0
2020-03-13,Singapore,9,0,187,0,0
2020-03-14,Singapore,13,0,200,0,0
2020-03-07,Slovakia,0,0,1,0,0
2020-03-08,Slovakia,2,0,3,0,0
2020-03-09,Slovakia,2,0,5,0,0
2020-03-10,Slovakia,2,0,7,0,0
2020-03-11,Slovakia,0,0,7,0,0
2020-03-12,Slovakia,3,0,10,0,0
2020-03-13,Slovakia,11,0,21,0,0
2020-03-14,Slovakia,9,0,30,0,0
2020-03-05,Slovenia,0,0,1,0,0
2020-03-06,Slovenia,5,0,6,0,0
2020-03-07,Slovenia,3,0,9,0,0
2020-03-08,Slovenia,3,0,12,0,0
2020-03-09,Slovenia,4,0,16,0,0
2020-03-10,Slovenia,7,0,23,0,0
2020-03-11,Slovenia,8,0,31,0,0
2020-03-12,Slovenia,26,0,57,0,0
2020-03-13,Slovenia,0,0,57,0,0
2020-03-14,Slovenia,84,0,141,0,0
2020-03-06,South Africa,0,0,1,0,0
2020-03-07,South Africa,0,0,1,0,0
2020-03-08,South Africa,1,0,2,0,0
2020-03-09,South Africa,1,0,3,0,0
2020-03-10,South Africa,4,0,7,0,0
2020-03-11,South Africa,0,0,7,0,0
2020-03-12,South Africa,6,0,13,0,0
2020-03-13,South Africa,4,0,17,0,0
2020-03-14,South Africa,0,0,17,0,0
2020-02-01,Spain,0,0,1,0,0
2020-02-02,Spain,0,0,1,0,0
2020-02-03,Spain,0,0,1,0,0
2020-02-04,Spain,0,0,1,0,0
2020-02-05,Spain,0,0,1,0,0
2020-02-06,Spain,0,0,1,0,0
2020-02-07,Spain,0,0,1,0,0
2020-02-08,Spain,0,0,1,0,0
2020-02-09,Spain,0,0,1,0,0
2020-02-10,Spain,1,0,2,0,0
2020-02-11,Spain,0,0,2,0,0
2020-02-12,Spain,0,0,2,0,0
2020-02-13,Spain,0,0,2,0,0
2020-02-14,Spain,0,0,2,0,0
2020-02-15,Spain,0,0,2,0,0
2020-02-16,Spain,0,0,2,0,0
2020-02-17,Spain,0,0,2,0,0
2020-02-18,Spain,0,0,2,0,0
2020-02-19,Spain,0,0,2,0,0
2020-02-20,Spain,0,0,2,0,0
2020-02-21,Spain,0,0,2,0,0
2020-02-22,Spain,0,0,2,0,0
2020-02-23,Spain,0,0,2,0,0
2020-02-24,Spain,0,0,2,0,0
2020-02-25,Spain,0,0,2,0,0
2020-02-26,Spain,0,0,2,0,0
2020-02-27,Spain,10,0,12,0,0
2020-02-28,Spain,13,0,25,0,0
2020-02-29,Spain,7,0,32,0,0
2020-03-01,Spain,13,0,45,0,0
2020-03-02,Spain,0,0,45,0,0
2020-03-03,Spain,69,0,114,0,0
2020-03-04,Spain,37,0,151,0,0
2020-03-05,Spain,47,0,198,1,0.005050505050505051
2020-03-06,Spain,59,2,257,3,0.011673151750972763
2020-03-07,Spain,117,2,374,5,0.013368983957219251
2020-03-08,Spain,56,0,430,5,0.011627906976744186
2020-03-09,Spain,159,5,589,10,0.01697792869269949
2020-03-10,Spain,435,18,1024,28,0.02734375
2020-03-11,Spain,615,8,1639,36,0.021964612568639415
2020-03-12,Spain,501,12,2140,48,0.022429906542056073
2020-03-13,Spain,825,36,2965,84,0.02833052276559865
2020-03-14,Spain,1266,36,4231,120,0.028362089340581424
2020-01-28,Sri Lanka,0,0,1,0,0
2020-01-29,Sri Lanka,0,0,1,0,0
2020-01-30,Sri Lanka,0,0,1,0,0
2020-01-31,Sri Lanka,0,0,1,0,0
2020-02-01,Sri Lanka,0,0,1,0,0
2020-02-02,Sri Lanka,0,0,1,0,0
2020-02-03,Sri Lanka,0,0,1,0,0
2020-02-04,Sri Lanka,0,0,1,0,0
2020-02-05,Sri Lanka,0,0,1,0,0
2020-02-06,Sri Lanka,0,0,1,0,0
2020-02-07,Sri Lanka,0,0,1,0,0
2020-02-08,Sri Lanka,0,0,1,0,0
2020-02-09,Sri Lanka,0,0,1,0,0
2020-02-10,Sri Lanka,0,0,1,0,0
2020-02-11,Sri Lanka,0,0,1,0,0
2020-02-12,Sri Lanka,0,0,1,0,0
2020-02-13,Sri Lanka,0,0,1,0,0
2020-02-14,Sri Lanka,0,0,1,0,0
2020-02-15,Sri Lanka,0,0,1,0,0
2020-02-16,Sri Lanka,0,0,1,0,0
2020-02-17,Sri Lanka,0,0,1,0,0
2020-02-18,Sri Lanka,0,0,1,0,0
2020-02-19,Sri Lanka,0,0,1,0,0
2020-02-20,Sri Lanka,0,0,1,0,0
2020-02-21,Sri Lanka,0,0,1,0,0
2020-02-22,Sri Lanka,0,0,1,0,0
2020-02-23,Sri Lanka,0,0,1,0,0
2020-02-24,Sri Lanka,0,0,1,0,0
2020-02-25,Sri Lanka,0,0,1,0,0
2020-02-26,Sri Lanka,0,0,1,0,0
2020-02-27,Sri Lanka,0,0,1,0,0
2020-02-28,Sri Lanka,0,0,1,0,0
2020-02-29,Sri Lanka,0,0,1,0,0
2020-03-01,Sri Lanka,0,0,1,0,0
2020-03-02,Sri Lanka,0,0,1,0,0
2020-03-03,Sri Lanka,0,0,1,0,0
2020-03-04,Sri Lanka,0,0,1,0,0
2020-03-05,Sri Lanka,0,0,1,0,0
2020-03-06,Sri Lanka,0,0,1,0,0
2020-03-07,Sri Lanka,0,0,1,0,0
2020-03-08,Sri Lanka,0,0,1,0,0
2020-03-09,Sri Lanka,0,0,1,0,0
2020-03-10,Sri Lanka,0,0,1,0,0
2020-03-11,Sri Lanka,0,0,1,0,0
2020-03-12,Sri Lanka,1,0,2,0,0
2020-03-13,Sri Lanka,1,0,3,0,0
2020-03-14,Sri Lanka,3,0,6,0,0
2020-03-14,Sudan,0,0,1,0,0
2020-02-01,Sweden,0,0,1,0,0
2020-02-02,Sweden,0,0,1,0,0
2020-02-03,Sweden,0,0,1,0,0
2020-02-04,Sweden,0,0,1,0,0
2020-02-05,Sweden,0,0,1,0,0
2020-02-06,Sweden,0,0,1,0,0
2020-02-07,Sweden,0,0,1,0,0
2020-02-08,Sweden,0,0,1,0,0
2020-02-09,Sweden,0,0,1,0,0
2020-02-10,Sweden,0,0,1,0,0
2020-02-11,Sweden,0,0,1,0,0
2020-02-12,Sweden,0,0,1,0,0
2020-02-13,Sweden,0,0,1,0,0
2020-02-14,Sweden,0,0,1,0,0
2020-02-15,Sweden,0,0,1,0,0
2020-02-16,Sweden,0,0,1,0,0
2020-02-17,Sweden,0,0,1,0,0
2020-02-18,Sweden,0,0,1,0,0
2020-02-19,Sweden,0,0,1,0,0
2020-02-20,Sweden,0,0,1,0,0
2020-02-21,Sweden,0,0,1,0,0
2020-02-22,Sweden,0,0,1,0,0
2020-02-23,Sweden,0,0,1,0,0
2020-02-24,Sweden,0,0,1,0,0
2020-02-25,Sweden,0,0,1,0,0
2020-02-26,Sweden,0,0,1,0,0
2020-02-27,Sweden,1,0,2,0,0
2020-02-28,Sweden,5,0,7,0,0
2020-02-29,Sweden,5,0,12,0,0
2020-03-01,Sweden,1,0,13,0,0
2020-03-02,Sweden,1,0,14,0,0
2020-03-03,Sweden,1,0,15,0,0
2020-03-04,Sweden,9,0,24,0,0
2020-03-05,Sweden,11,0,35,0,0
2020-03-06,Sweden,26,0,61,0,0
2020-03-07,Sweden,76,0,137,0,0
2020-03-08,Sweden,24,0,161,0,0
2020-03-09,Sweden,42,0,203,0,0
2020-03-10,Sweden,45,0,248,0,0
2020-03-11,Sweden,78,0,326,0,0
2020-03-12,Sweden,135,0,461,0,0
2020-03-13,Sweden,159,0,620,0,0
2020-03-14,Sweden,155,0,775,0,0
2020-02-26,Switzerland,0,0,1,0,0
2020-02-27,Switzerland,0,0,1,0,0
2020-02-28,Switzerland,5,0,6,0,0
2020-02-29,Switzerland,4,0,10,0,0
2020-03-01,Switzerland,8,0,18,0,0
2020-03-02,Switzerland,6,0,24,0,0
2020-03-03,Switzerland,6,0,30,0,0
2020-03-04,Switzerland,7,0,37,0,0
2020-03-05,Switzerland,19,0,56,0,0
2020-03-06,Switzerland,30,0,86,1,0.011627906976744186
2020-03-07,Switzerland,123,0,209,1,0.004784688995215311
2020-03-08,Switzerland,55,1,264,2,0.007575757575757576
2020-03-09,Switzerland,68,0,332,2,0.006024096385542169
2020-03-10,Switzerland,0,0,332,2,0.006024096385542169
2020-03-11,Switzerland,159,1,491,3,0.006109979633401222
2020-03-12,Switzerland,154,1,645,4,0.006201550387596899
2020-03-13,Switzerland,213,2,858,6,0.006993006993006993
2020-03-14,Switzerland,267,0,1125,6,0.005333333333333333
2020-01-21,Thailand,0,0,2,0,0
2020-01-22,Thailand,0,0,2,0,0
2020-01-23,Thailand,2,0,4,0,0
2020-01-24,Thailand,0,0,4,0,0
2020-01-25,Thailand,0,0,4,0,0
2020-01-26,Thailand,1,0,5,0,0
2020-01-27,Thailand,0,0,5,0,0
2020-01-28,Thailand,9,0,14,0,0
2020-01-29,Thailand,0,0,14,0,0
2020-01-30,Thailand,0,0,14,0,0
2020-01-31,Thailand,0,0,14,0,0
2020-02-01,Thailand,5,0,19,0,0
2020-02-02,Thailand,0,0,19,0,0
2020-02-03,Thailand,0,0,19,0,0
2020-02-04,Thailand,0,0,19,0,0
2020-02-05,Thailand,6,0,25,0,0
2020-02-06,Thailand,0,0,25,0,0
2020-02-07,Thailand,0,0,25,0,0
2020-02-08,Thailand,7,0,32,0,0
2020-02-09,Thailand,0,0,32,0,0
2020-02-10,Thailand,0,0,32,0,0
2020-02-11,Thailand,1,0,33,0,0
2020-02-12,Thailand,0,0,33,0,0
2020-02-13,Thailand,0,0,33,0,0
2020-02-14,Thailand,0,0,33,0,0
2020-02-15,Thailand,1,0,34,0,0
2020-02-16,Thailand,0,0,34,0,0
2020-02-17,Thailand,1,0,35,0,0
2020-02-18,Thailand,0,0,35,0,0
2020-02-19,Thailand,0,0,35,0,0
2020-02-20,Thailand,0,0,35,0,0
2020-02-21,Thailand,0,0,35,0,0
2020-02-22,Thailand,0,0,35,0,0
2020-02-23,Thailand,0,0,35,0,0
2020-02-24,Thailand,0,0,35,0,0
2020-02-25,Thailand,2,0,37,0,0
2020-02-26,Thailand,3,0,40,0,0
2020-02-27,Thailand,0,0,40,0,0
2020-02-28,Thailand,0,0,40,0,0
2020-02-29,Thailand,2,0,42,0,0
2020-03-01,Thailand,0,0,42,0,0
2020-03-02,Thailand,0,0,42,1,0.023809523809523808
2020-03-03,Thailand,1,0,43,1,0.023255813953488372
2020-03-04,Thailand,0,0,43,1,0.023255813953488372
2020-03-05,Thailand,4,0,47,1,0.02127659574468085
2020-03-06,Thailand,0,0,47,1,0.02127659574468085
2020-03-07,Thailand,1,0,48,1,0.020833333333333332
2020-03-08,Thailand,2,0,50,1,0.02
2020-03-09,Thailand,0,0,50,1,0.02
2020-03-10,Thailand,3,0,53,1,0.018867924528301886
2020-03-11,Thailand,6,0,59,1,0.01694915254237288
2020-03-12,Thailand,11,0,70,1,0.014285714285714285
2020-03-13,Thailand,5,0,75,1,0.013333333333333334
2020-03-14,Thailand,0,0,75,1,0.013333333333333334
2020-02-01,United Kingdom,0,0,2,0,0
2020-02-02,United Kingdom,0,0,2,0,0
2020-02-03,United Kingdom,0,0,2,0,0
2020-02-04,United Kingdom,0,0,2,0,0
2020-02-05,United Kingdom,0,0,2,0,0
2020-02-06,United Kingdom,0,0,2,0,0
2020-02-07,United Kingdom,1,0,3,0,0
2020-02-08,United Kingdom,0,0,3,0,0
2020-02-09,United Kingdom,0,0,3,0,0
2020-02-10,United Kingdom,1,0,4,0,0
2020-02-11,United Kingdom,4,0,8,0,0
2020-02-12,United Kingdom,0,0,8,0,0
2020-02-13,United Kingdom,1,0,9,0,0
2020-02-14,United Kingdom,0,0,9,0,0
2020-02-15,United Kingdom,0,0,9,0,0
2020-02-16,United Kingdom,0,0,9,0,0
2020-02-17,United Kingdom,0,0,9,0,0
2020-02-18,United Kingdom,0,0,9,0,0
2020-02-19,United Kingdom,0,0,9,0,0
2020-02-20,United Kingdom,0,0,9,0,0
2020-02-21,United Kingdom,0,0,9,0,0
2020-02-22,United Kingdom,0,0,9,0,0
2020-02-23,United Kingdom,0,0,9,0,0
2020-02-24,United Kingdom,0,0,9,0,0
2020-02-25,United Kingdom,4,0,13,0,0
2020-02-26,United Kingdom,0,0,13,0,0
2020-02-27,United Kingdom,0,0,13,0,0
2020-02-28,United Kingdom,3,0,16,0,0
2020-02-29,United Kingdom,4,0,20,0,0
2020-03-01,United Kingdom,3,0,23,0,0
2020-03-02,United Kingdom,13,0,36,0,0
2020-03-03,United Kingdom,3,0,39,0,0
2020-03-04,United Kingdom,12,0,51,0,0
2020-03-05,United Kingdom,38,0,89,0,0
2020-03-06,United Kingdom,29,0,118,0,0
2020-03-07,United Kingdom,49,0,167,1,0.005988023952095809
2020-03-08,United Kingdom,43,1,210,2,0.009523809523809525
2020-03-09,United Kingdom,67,0,277,2,0.007220216606498195
2020-03-10,United Kingdom,46,1,323,3,0.009287925696594427
2020-03-11,United Kingdom,50,3,373,6,0.0160857908847185
2020-03-12,United Kingdom,87,0,460,6,0.013043478260869565
2020-03-13,United Kingdom,134,2,594,8,0.013468013468013467
2020-03-14,United Kingdom,208,2,802,10,0.012468827930174564
2020-03-07,Togo,0,0,1,0,0
2020-03-08,Togo,0,0,1,0,0
2020-03-09,Togo,0,0,1,0,0
2020-03-10,Togo,0,0,1,0,0
2020-03-11,Togo,0,0,1,0,0
2020-03-12,Togo,0,0,1,0,0
2020-03-13,Togo,0,0,1,0,0
2020-03-14,Togo,0,0,1,0,0
2020-03-14,Trinidad and Tobago,0,0,1,0,0
2020-03-03,Tunisia,0,0,1,0,0
2020-03-04,Tunisia,0,0,1,0,0
2020-03-05,Tunisia,0,0,1,0,0
2020-03-06,Tunisia,0,0,1,0,0
2020-03-07,Tunisia,0,0,1,0,0
2020-03-08,Tunisia,0,0,1,0,0
2020-03-09,Tunisia,1,0,2,0,0
2020-03-10,Tunisia,0,0,2,0,0
2020-03-11,Tunisia,4,0,6,0,0
2020-03-12,Tunisia,0,0,6,0,0
2020-03-13,Tunisia,1,0,7,0,0
2020-03-14,Tunisia,9,0,16,0,0
2020-03-12,Turkey,0,0,1,0,0
2020-03-13,Turkey,0,0,1,0,0
2020-03-14,Turkey,4,0,5,0,0
2020-03-04,Ukraine,0,0,1,0,0
2020-03-05,Ukraine,0,0,1,0,0
2020-03-06,Ukraine,0,0,1,0,0
2020-03-07,Ukraine,0,0,1,0,0
2020-03-08,Ukraine,0,0,1,0,0
2020-03-09,Ukraine,0,0,1,0,0
2020-03-10,Ukraine,0,0,1,0,0
2020-03-11,Ukraine,0,0,1,0,0
2020-03-12,Ukraine,0,0,1,0,0
2020-03-13,Ukraine,2,0,3,0,0
2020-03-14,Ukraine,0,0,3,1,0.3333333333333333
2020-01-29,United Arab Emirates,0,0,4,0,0
2020-01-30,United Arab Emirates,0,0,4,0,0
2020-01-31,United Arab Emirates,0,0,4,0,0
2020-02-01,United Arab Emirates,0,0,4,0,0
2020-02-02,United Arab Emirates,1,0,5,0,0
2020-02-03,United Arab Emirates,0,0,5,0,0
2020-02-04,United Arab Emirates,0,0,5,0,0
2020-02-05,United Arab Emirates,0,0,5,0,0
2020-02-06,United Arab Emirates,0,0,5,0,0
2020-02-07,United Arab Emirates,0,0,5,0,0
2020-02-08,United Arab Emirates,2,0,7,0,0
2020-02-09,United Arab Emirates,0,0,7,0,0
2020-02-10,United Arab Emirates,0,0,7,0,0
2020-02-11,United Arab Emirates,1,0,8,0,0
2020-02-12,United Arab Emirates,0,0,8,0,0
2020-02-13,United Arab Emirates,0,0,8,0,0
2020-02-14,United Arab Emirates,0,0,8,0,0
2020-02-15,United Arab Emirates,0,0,8,0,0
2020-02-16,United Arab Emirates,0,0,8,0,0
2020-02-17,United Arab Emirates,1,0,9,0,0
2020-02-18,United Arab Emirates,0,0,9,0,0
2020-02-19,United Arab Emirates,0,0,9,0,0
2020-02-20,United Arab Emirates,0,0,9,0,0
2020-02-21,United Arab Emirates,0,0,9,0,0
2020-02-22,United Arab Emirates,2,0,11,0,0
2020-02-23,United Arab Emirates,2,0,13,0,0
2020-02-24,United Arab Emirates,0,0,13,0,0
2020-02-25,United Arab Emirates,0,0,13,0,0
2020-02-26,United Arab Emirates,0,0,13,0,0
2020-02-27,United Arab Emirates,0,0,13,0,0
2020-02-28,United Arab Emirates,6,0,19,0,0
2020-02-29,United Arab Emirates,0,0,19,0,0
2020-03-01,United Arab Emirates,0,0,19,0,0
2020-03-02,United Arab Emirates,2,0,21,0,0
2020-03-03,United Arab Emirates,0,0,21,0,0
2020-03-04,United Arab Emirates,6,0,27,0,0
2020-03-05,United Arab Emirates,0,0,27,0,0
2020-03-06,United Arab Emirates,0,0,27,0,0
2020-03-07,United Arab Emirates,18,0,45,0,0
2020-03-08,United Arab Emirates,0,0,45,0,0
2020-03-09,United Arab Emirates,0,0,45,0,0
2020-03-10,United Arab Emirates,14,0,59,0,0
2020-03-11,United Arab Emirates,15,0,74,0,0
2020-03-12,United Arab Emirates,0,0,74,0,0
2020-03-13,United Arab Emirates,11,0,85,0,0
2020-03-14,United Arab Emirates,0,0,85,0,0
2020-01-23,United States,0,0,1,0,0
2020-01-24,United States,0,0,1,0,0
2020-01-25,United States,1,0,2,0,0
2020-01-26,United States,0,0,2,0,0
2020-01-27,United States,3,0,5,0,0
2020-01-28,United States,0,0,5,0,0
2020-01-29,United States,0,0,5,0,0
2020-01-30,United States,0,0,5,0,0
2020-01-31,United States,1,0,6,0,0
2020-02-01,United States,1,0,7,0,0
2020-02-02,United States,1,0,8,0,0
2020-02-03,United States,3,0,11,0,0
2020-02-04,United States,0,0,11,0,0
2020-02-05,United States,0,0,11,0,0
2020-02-06,United States,1,0,12,0,0
2020-02-07,United States,0,0,12,0,0
2020-02-08,United States,0,0,12,0,0
2020-02-09,United States,0,0,12,0,0
2020-02-10,United States,0,0,12,0,0
2020-02-11,United States,1,0,13,0,0
2020-02-12,United States,0,0,13,0,0
2020-02-13,United States,1,0,14,0,0
2020-02-14,United States,1,0,15,0,0
2020-02-15,United States,0,0,15,0,0
2020-02-16,United States,0,0,15,0,0
2020-02-17,United States,0,0,15,0,0
2020-02-18,United States,0,0,15,0,0
2020-02-19,United States,0,0,15,0,0
2020-02-20,United States,0,0,15,0,0
2020-02-21,United States,0,0,15,0,0
2020-02-22,United States,20,0,35,0,0
2020-02-23,United States,0,0,35,0,0
2020-02-24,United States,0,0,35,0,0
2020-02-25,United States,18,0,53,0,0
2020-02-26,United States,0,0,53,0,0
2020-02-27,United States,6,0,59,0,0
2020-02-28,United States,0,0,59,0,0
2020-02-29,United States,3,0,62,0,0
2020-03-01,United States,0,0,62,0,0
2020-03-02,United States,0,0,62,0,0
2020-03-03,United States,2,0,64,2,0.03125
2020-03-04,United States,44,4,108,6,0.05555555555555555
2020-03-05,United States,21,3,129,9,0.06976744186046512
2020-03-06,United States,19,1,148,10,0.06756756756756757
2020-03-07,United States,65,1,213,11,0.051643192488262914
2020-03-08,United States,0,0,213,11,0.051643192488262914
2020-03-09,United States,0,0,213,11,0.051643192488262914
2020-03-10,United States,259,8,472,19,0.04025423728813559
2020-03-11,United States,224,6,696,25,0.035919540229885055
2020-03-12,United States,291,4,987,29,0.029381965552178316
2020-03-13,United States,277,7,1264,36,0.028481012658227847
2020-03-14,United States,414,5,1678,41,0.02443384982121573
2020-03-14,Venezuela,0,0,2,0,0
2020-01-24,Vietnam,0,0,2,0,0
2020-01-25,Vietnam,0,0,2,0,0
2020-01-26,Vietnam,0,0,2,0,0
2020-01-27,Vietnam,0,0,2,0,0
2020-01-28,Vietnam,0,0,2,0,0
2020-01-29,Vietnam,0,0,2,0,0
2020-01-30,Vietnam,0,0,2,0,0
2020-01-31,Vietnam,3,0,5,0,0
2020-02-01,Vietnam,1,0,6,0,0
2020-02-02,Vietnam,1,0,7,0,0
2020-02-03,Vietnam,1,0,8,0,0
2020-02-04,Vietnam,1,0,9,0,0
2020-02-05,Vietnam,1,0,10,0,0
2020-02-06,Vietnam,0,0,10,0,0
2020-02-07,Vietnam,2,0,12,0,0
2020-02-08,Vietnam,1,0,13,0,0
2020-02-09,Vietnam,1,0,14,0,0
2020-02-10,Vietnam,0,0,14,0,0
2020-02-11,Vietnam,1,0,15,0,0
2020-02-12,Vietnam,0,0,15,0,0
2020-02-13,Vietnam,1,0,16,0,0
2020-02-14,Vietnam,0,0,16,0,0
2020-02-15,Vietnam,0,0,16,0,0
2020-02-16,Vietnam,0,0,16,0,0
2020-02-17,Vietnam,0,0,16,0,0
2020-02-18,Vietnam,0,0,16,0,0
2020-02-19,Vietnam,0,0,16,0,0
2020-02-20,Vietnam,0,0,16,0,0
2020-02-21,Vietnam,0,0,16,0,0
2020-02-22,Vietnam,0,0,16,0,0
2020-02-23,Vietnam,0,0,16,0,0
2020-02-24,Vietnam,0,0,16,0,0
2020-02-25,Vietnam,0,0,16,0,0
2020-02-26,Vietnam,0,0,16,0,0
2020-02-27,Vietnam,0,0,16,0,0
2020-02-28,Vietnam,0,0,16,0,0
2020-02-29,Vietnam,0,0,16,0,0
2020-03-01,Vietnam,0,0,16,0,0
2020-03-02,Vietnam,0,0,16,0,0
2020-03-03,Vietnam,0,0,16,0,0
2020-03-04,Vietnam,0,0,16,0,0
2020-03-05,Vietnam,0,0,16,0,0
2020-03-06,Vietnam,0,0,16,0,0
2020-03-07,Vietnam,1,0,17,0,0
2020-03-08,Vietnam,4,0,21,0,0
2020-03-09,Vietnam,9,0,30,0,0
2020-03-10,Vietnam,1,0,31,0,0
2020-03-11,Vietnam,4,0,35,0,0
2020-03-12,Vietnam,4,0,39,0,0
2020-03-13,Vietnam,0,0,39,0,0
2020-03-14,Vietnam,9,0,48,0,0
2020-01-21,World,0,0,282,6,0.02127659574468085
2020-01-22,World,32,0,314,6,0.01910828025477707
2020-01-23,World,266,11,581,17,0.029259896729776247
2020-01-24,World,262,8,846,25,0.02955082742316785
2020-01-25,World,467,16,1320,41,0.03106060606060606
2020-01-26,World,691,15,2014,56,0.027805362462760674
2020-01-27,World,783,24,2798,80,0.028591851322373123
2020-01-28,World,1792,26,4593,106,0.02307859786631831
2020-01-29,World,1468,26,6065,132,0.02176422093981863
2020-01-30,World,1750,38,7818,170,0.02174469173701714
2020-01-31,World,2006,43,9826,213,0.021677182983920212
2020-02-01,World,2121,46,11953,259,0.02166820045176943
2020-02-02,World,2604,45,14557,305,0.020952119255341073
2020-02-03,World,2834,57,17391,362,0.020815364268874707
2020-02-04,World,3239,64,20630,426,0.020649539505574407
2020-02-05,World,3913,66,24544,492,0.020045632333767927
2020-02-06,World,3712,73,28276,565,0.01998160984580563
2020-02-07,World,3205,73,31481,638,0.02026619230647057
2020-02-08,World,3405,86,34886,724,0.020753310783695467
2020-02-09,World,2672,89,37558,813,0.021646520048990894
2020-02-10,World,2996,97,40554,910,0.02243921684667357
2020-02-11,World,2549,108,43103,1018,0.023617845625594505
2020-02-12,World,2068,97,45171,1115,0.024683978658874055
2020-02-13,World,1826,254,46997,1369,0.02912951890546205
2020-02-14,World,2056,13,49053,1383,0.02819399425111614
2020-02-15,World,1526,143,50580,1526,0.030170027678924478
2020-02-16,World,1277,142,51857,1669,0.03218466166573462
2020-02-17,World,19572,106,71429,1775,0.024849850900894595
2020-02-18,World,1903,98,73332,1873,0.02554137347951781
2020-02-19,World,1872,136,75204,2009,0.026714004574224775
2020-02-20,World,542,115,75748,2129,0.02810635264297407
2020-02-21,World,1021,118,76769,2247,0.029269627063007203
2020-02-22,World,1023,112,77794,2359,0.030323675347713193
2020-02-23,World,1017,102,78811,2463,0.03125198259126264
2020-02-24,World,517,155,79331,2618,0.033000970616782845
2020-02-25,World,896,82,80239,2700,0.033649472201797134
2020-02-26,World,864,62,81109,2762,0.03405294110394654
2020-02-27,World,1175,42,82294,2804,0.03407295793131942
2020-02-28,World,1353,54,83652,2858,0.03416535169511787
2020-02-29,World,1748,66,85403,2924,0.034237673149655166
2020-03-01,World,1727,53,87137,2977,0.03416459139056888
2020-03-02,World,1801,64,88948,3043,0.03421099968520933
2020-03-03,World,1912,67,90869,3112,0.034247102972410834
2020-03-04,World,2217,86,93090,3198,0.03435385111182726
2020-03-05,World,2220,79,95324,3280,0.03440896311527002
2020-03-06,World,2864,99,98192,3380,0.034422356200097766
2020-03-07,World,3730,104,101927,3486,0.03420094773710597
2020-03-08,World,3644,96,105592,3584,0.03394196530040155
2020-03-09,World,3979,224,109577,3809,0.03476094435876142
2020-03-10,World,4119,201,113702,4012,0.03528521925735695
2020-03-11,World,4611,275,118319,4292,0.03627481638621016
2020-03-12,World,6936,317,125260,4613,0.036827399010059075
2020-03-13,World,7488,338,132758,4956,0.03733108362584552
2020-03-14,World,9766,434,142539,5393,0.03783525912206484
